domain,problem,our_transformation_time,our_fd_time,our_total_time,our_h_value,our_status,our_fd_ground_time,our_search_time,our_planning_time,baseline_total_time,baseline_h_value,baseline_status,baseline_fd_ground_time,baseline_search_time,baseline_planning_time
blocksworld-large-simple/goal-2,p-100-2,0.133,3.037,3.197,4,SUCCESS,2.921,0.116,3.037,2.49,4,SUCCESS,2.298,0.192,2.49
blocksworld-large-simple/goal-2,p-1100-2,0.096,120.644,120.763,N/A,OOM,N/A,N/A,120.644,107.257,N/A,OOM,107.17,0.087,107.257
blocksworld-large-simple/goal-2,p-1300-2,0.1,300.347,300.467,N/A,ERROR,300.22,0.127,300.347,95.36,N/A,OOM,95.28,0.08,95.36
blocksworld-large-simple/goal-2,p-1500-2,0.095,117.088,117.202,N/A,OOM,N/A,N/A,117.088,103.008,N/A,OOM,102.92,0.088,103.008
blocksworld-large-simple/goal-2,p-1700-2,0.109,79.488,79.615,N/A,OOM,N/A,N/A,79.488,93.575,N/A,OOM,93.47,0.105,93.575
blocksworld-large-simple/goal-2,p-1900-2,0.118,76.406,76.547,N/A,OOM,N/A,N/A,76.406,114.572,N/A,OOM,114.46,0.112,114.572
blocksworld-large-simple/goal-2,p-300-2,0.08,34.091,34.192,4,SUCCESS,33.976,0.115,34.091,25.218,4,SUCCESS,23.498,1.72,25.218
blocksworld-large-simple/goal-2,p-500-2,0.076,102.097,102.192,4,SUCCESS,101.945,0.152,102.097,76.447,4,SUCCESS,69.761,6.686,76.447
blocksworld-large-simple/goal-2,p-700-2,0.094,218.006,218.122,4,SUCCESS,217.778,0.228,218.006,149.876,N/A,OOM,142.05,7.826,149.876
blocksworld-large-simple/goal-2,p-900-2,0.085,119.58,119.684,N/A,OOM,N/A,N/A,119.58,103.869,N/A,OOM,103.77,0.099,103.869
blocksworld-large-simple/goal-3,p-100-3,0.066,2.973,3.057,6,SUCCESS,2.863,0.11,2.973,2.492,6,SUCCESS,2.295,0.197,2.492
blocksworld-large-simple/goal-3,p-1100-3,0.086,120.932,121.036,N/A,OOM,N/A,N/A,120.932,102.501,N/A,OOM,102.38,0.121,102.501
blocksworld-large-simple/goal-3,p-1300-3,0.095,103.728,103.842,N/A,OOM,N/A,N/A,103.728,95.218,N/A,OOM,95.14,0.078,95.218
blocksworld-large-simple/goal-3,p-1500-3,0.092,97.039,97.15,N/A,OOM,N/A,N/A,97.039,105.493,N/A,OOM,105.42,0.073,105.493
blocksworld-large-simple/goal-3,p-1700-3,0.125,300.223,300.37,N/A,ERROR,300.11,0.113,300.223,300.234,N/A,ERROR,300.16,0.074,300.234
blocksworld-large-simple/goal-3,p-1900-3,0.105,300.214,300.337,N/A,ERROR,300.14,0.074,300.214,114.004,N/A,OOM,113.93,0.074,114.004
blocksworld-large-simple/goal-3,p-300-3,0.073,32.807,32.899,6,SUCCESS,32.688,0.119,32.807,24.236,6,SUCCESS,22.584,1.652,24.236
blocksworld-large-simple/goal-3,p-500-3,0.086,101.288,101.394,6,SUCCESS,101.145,0.143,101.288,75.471,6,SUCCESS,68.781,6.69,75.471
blocksworld-large-simple/goal-3,p-700-3,0.081,219.541,219.64,6,SUCCESS,219.375,0.166,219.541,150.238,N/A,OOM,142.349,7.889,150.238
blocksworld-large-simple/goal-3,p-900-3,0.121,120.057,120.209,N/A,OOM,N/A,N/A,120.057,104.203,N/A,OOM,104.11,0.093,104.203
blocksworld-large-simple/goal-4,p-100-4,0.066,2.932,3.019,8,SUCCESS,2.831,0.101,2.932,2.488,8,SUCCESS,2.292,0.196,2.488
blocksworld-large-simple/goal-4,p-1100-4,0.089,122.605,122.714,N/A,OOM,N/A,N/A,122.605,102.443,N/A,OOM,102.33,0.113,102.443
blocksworld-large-simple/goal-4,p-1300-4,0.108,105.299,105.427,N/A,OOM,N/A,N/A,105.299,300.255,N/A,ERROR,300.15,0.105,300.255
blocksworld-large-simple/goal-4,p-1500-4,0.103,116.468,116.591,N/A,OOM,N/A,N/A,116.468,102.491,N/A,OOM,102.43,0.061,102.491
blocksworld-large-simple/goal-4,p-1700-4,0.105,300.238,300.364,N/A,ERROR,300.12,0.118,300.238,109.603,N/A,OOM,109.54,0.063,109.603
blocksworld-large-simple/goal-4,p-1900-4,0.111,300.226,300.355,N/A,ERROR,300.15,0.076,300.226,300.452,N/A,ERROR,300.34,0.112,300.452
blocksworld-large-simple/goal-4,p-300-4,0.123,59.615,59.77,8,SUCCESS,59.416,0.199,59.615,31.641,8,SUCCESS,30.089,1.552,31.641
blocksworld-large-simple/goal-4,p-500-4,0.071,157.545,157.632,8,SUCCESS,157.359,0.186,157.545,107.053,8,SUCCESS,100.844,6.209,107.053
blocksworld-large-simple/goal-4,p-700-4,0.077,299.586,299.68,N/A,TIMEOUT,299.40,0.186,299.586,228.104,N/A,OOM,220.962,7.142,228.104
blocksworld-large-simple/goal-4,p-900-4,0.081,199.356,199.453,N/A,OOM,N/A,N/A,199.356,148.326,N/A,OOM,148.18,0.146,148.326
blocksworld-large-simple/goal-5,p-100-5,0.116,4.172,4.322,10,SUCCESS,4.002,0.17,4.172,3.332,10,SUCCESS,3.064,0.268,3.332
blocksworld-large-simple/goal-5,p-1100-5,0.097,186.609,186.723,N/A,OOM,N/A,N/A,186.609,147.387,N/A,OOM,147.18,0.207,147.387
blocksworld-large-simple/goal-5,p-1300-5,0.261,118.739,119.056,N/A,OOM,N/A,N/A,118.739,142.81,N/A,OOM,142.66,0.15,142.81
blocksworld-large-simple/goal-5,p-1500-5,0.259,157.487,157.798,N/A,OOM,N/A,N/A,157.487,154.682,N/A,OOM,154.56,0.122,154.682
blocksworld-large-simple/goal-5,p-1700-5,0.119,300.167,300.309,N/A,ERROR,300.10,0.067,300.167,172.016,N/A,OOM,171.87,0.146,172.016
blocksworld-large-simple/goal-5,p-1900-5,0.263,92.111,92.429,N/A,OOM,N/A,N/A,92.111,151.613,N/A,OOM,151.38,0.233,151.613
blocksworld-large-simple/goal-5,p-300-5,0.183,75.314,75.559,10,SUCCESS,74.988,0.326,75.314,45.369,10,SUCCESS,43.391,1.978,45.369
blocksworld-large-simple/goal-5,p-500-5,0.062,150.371,150.45,10,SUCCESS,150.101,0.27,150.371,470.357,10,SUCCESS,464.129,6.228,470.357
blocksworld-large-simple/goal-5,p-700-5,0.091,176.283,176.391,10,SUCCESS,176.106,0.177,176.283,132.074,N/A,OOM,125.492,6.582,132.074
blocksworld-large-simple/goal-5,p-900-5,0.073,100.604,100.695,N/A,OOM,N/A,N/A,100.604,91.346,N/A,OOM,91.25,0.096,91.346
childsnack-contents/parsize1-cham3,contentam1-p0,0.058,0.111,0.185,9,SUCCESS,0.017,0.094,0.111,0.092,8,SUCCESS,0.013,0.079,0.092
childsnack-contents/parsize1-cham3,contentam1-p10,0.059,0.104,0.18,9,SUCCESS,0.025,0.079,0.104,0.112,8,SUCCESS,0.03,0.082,0.112
childsnack-contents/parsize1-cham3,contentam1-p15,0.061,0.11,0.188,9,SUCCESS,0.029,0.081,0.11,0.12,8,SUCCESS,0.041,0.079,0.12
childsnack-contents/parsize1-cham3,contentam1-p20,0.06,0.12,0.197,9,SUCCESS,0.033,0.087,0.12,0.137,8,SUCCESS,0.051,0.086,0.137
childsnack-contents/parsize1-cham3,contentam1-p25,0.06,0.117,0.195,9,SUCCESS,0.038,0.079,0.117,0.143,8,SUCCESS,0.061,0.082,0.143
childsnack-contents/parsize1-cham3,contentam1-p5,0.059,0.102,0.178,9,SUCCESS,0.021,0.081,0.102,0.14,8,SUCCESS,0.022,0.118,0.14
childsnack-contents/parsize1-cham3,contentam3-p0,0.061,0.1,0.18,11,SUCCESS,0.017,0.083,0.1,0.095,8,SUCCESS,0.013,0.082,0.095
childsnack-contents/parsize1-cham3,contentam3-p10,0.062,0.109,0.189,9,SUCCESS,0.027,0.082,0.109,0.116,8,SUCCESS,0.034,0.082,0.116
childsnack-contents/parsize1-cham3,contentam3-p15,0.056,0.107,0.18,9,SUCCESS,0.03,0.077,0.107,0.125,8,SUCCESS,0.042,0.083,0.125
childsnack-contents/parsize1-cham3,contentam3-p20,0.06,0.111,0.187,9,SUCCESS,0.035,0.076,0.111,0.134,8,SUCCESS,0.054,0.08,0.134
childsnack-contents/parsize1-cham3,contentam3-p25,0.058,0.118,0.193,9,SUCCESS,0.038,0.08,0.118,0.146,8,SUCCESS,0.063,0.083,0.146
childsnack-contents/parsize1-cham3,contentam3-p5,0.06,0.103,0.18,9,SUCCESS,0.023,0.08,0.103,0.102,8,SUCCESS,0.023,0.079,0.102
childsnack-contents/parsize1-cham5,contentam1-p0,0.059,0.109,0.184,13,SUCCESS,0.023,0.086,0.109,0.101,12,SUCCESS,0.021,0.08,0.101
childsnack-contents/parsize1-cham5,contentam1-p10,0.058,0.119,0.195,13,SUCCESS,0.037,0.082,0.119,0.204,12,SUCCESS,0.112,0.092,0.204
childsnack-contents/parsize1-cham5,contentam1-p15,0.062,0.123,0.203,13,SUCCESS,0.045,0.078,0.123,0.23,12,SUCCESS,0.146,0.084,0.23
childsnack-contents/parsize1-cham5,contentam1-p20,0.061,0.126,0.204,13,SUCCESS,0.05,0.076,0.126,0.28,12,SUCCESS,0.191,0.089,0.28
childsnack-contents/parsize1-cham5,contentam1-p25,0.06,0.137,0.216,13,SUCCESS,0.057,0.08,0.137,0.341,12,SUCCESS,0.248,0.093,0.341
childsnack-contents/parsize1-cham5,contentam1-p5,0.062,0.113,0.192,13,SUCCESS,0.03,0.083,0.113,0.154,12,SUCCESS,0.065,0.089,0.154
childsnack-contents/parsize1-cham5,contentam3-p0,0.057,0.107,0.181,15,SUCCESS,0.024,0.083,0.107,0.109,12,SUCCESS,0.021,0.088,0.109
childsnack-contents/parsize1-cham5,contentam3-p10,0.058,0.123,0.198,13,SUCCESS,0.039,0.084,0.123,0.201,12,SUCCESS,0.114,0.087,0.201
childsnack-contents/parsize1-cham5,contentam3-p15,0.059,0.126,0.202,13,SUCCESS,0.048,0.078,0.126,0.241,12,SUCCESS,0.154,0.087,0.241
childsnack-contents/parsize1-cham5,contentam3-p20,0.062,0.144,0.224,13,SUCCESS,0.056,0.088,0.144,0.297,12,SUCCESS,0.208,0.089,0.297
childsnack-contents/parsize1-cham5,contentam3-p25,0.06,0.14,0.217,13,SUCCESS,0.059,0.081,0.14,0.338,12,SUCCESS,0.245,0.093,0.338
childsnack-contents/parsize1-cham5,contentam3-p5,0.095,0.116,0.227,13,SUCCESS,0.033,0.083,0.116,0.149,12,SUCCESS,0.069,0.08,0.149
childsnack-contents/parsize1-cham7,contentam1-p0,0.057,0.114,0.188,15,SUCCESS,0.029,0.085,0.114,0.135,14,SUCCESS,0.039,0.096,0.135
childsnack-contents/parsize1-cham7,contentam1-p10,0.062,0.138,0.217,15,SUCCESS,0.051,0.087,0.138,0.368,14,SUCCESS,0.277,0.091,0.368
childsnack-contents/parsize1-cham7,contentam1-p15,0.058,0.137,0.212,15,SUCCESS,0.058,0.079,0.137,0.507,14,SUCCESS,0.405,0.102,0.507
childsnack-contents/parsize1-cham7,contentam1-p20,0.06,0.148,0.225,15,SUCCESS,0.067,0.081,0.148,0.705,14,SUCCESS,0.594,0.111,0.705
childsnack-contents/parsize1-cham7,contentam1-p25,0.06,0.161,0.237,15,SUCCESS,0.078,0.083,0.161,0.813,14,SUCCESS,0.703,0.11,0.813
childsnack-contents/parsize1-cham7,contentam1-p5,0.059,0.124,0.201,15,SUCCESS,0.039,0.085,0.124,0.249,14,SUCCESS,0.161,0.088,0.249
childsnack-contents/parsize1-cham7,contentam3-p0,0.063,0.112,0.192,17,SUCCESS,0.033,0.079,0.112,0.118,14,SUCCESS,0.04,0.078,0.118
childsnack-contents/parsize1-cham7,contentam3-p10,0.057,0.134,0.208,15,SUCCESS,0.053,0.081,0.134,0.382,14,SUCCESS,0.291,0.091,0.382
childsnack-contents/parsize1-cham7,contentam3-p15,0.103,0.145,0.265,15,SUCCESS,0.063,0.082,0.145,0.574,14,SUCCESS,0.472,0.102,0.574
childsnack-contents/parsize1-cham7,contentam3-p20,0.058,0.155,0.23,15,SUCCESS,0.072,0.083,0.155,0.662,14,SUCCESS,0.555,0.107,0.662
childsnack-contents/parsize1-cham7,contentam3-p25,0.059,0.165,0.24,15,SUCCESS,0.084,0.081,0.165,0.838,14,SUCCESS,0.719,0.119,0.838
childsnack-contents/parsize1-cham7,contentam3-p5,0.058,0.126,0.2,15,SUCCESS,0.046,0.08,0.126,0.263,14,SUCCESS,0.168,0.095,0.263
childsnack-contents/parsize2-cham3,contentam2-p0,0.059,0.104,0.181,9,SUCCESS,0.021,0.083,0.104,0.109,8,SUCCESS,0.028,0.081,0.109
childsnack-contents/parsize2-cham3,contentam2-p12,0.058,0.11,0.185,9,SUCCESS,0.031,0.079,0.11,0.923,8,SUCCESS,0.816,0.107,0.923
childsnack-contents/parsize2-cham3,contentam2-p16,0.059,0.118,0.194,9,SUCCESS,0.034,0.084,0.118,1.571,8,SUCCESS,1.442,0.129,1.571
childsnack-contents/parsize2-cham3,contentam2-p20,0.063,0.123,0.203,9,SUCCESS,0.038,0.085,0.123,2.615,8,SUCCESS,2.461,0.154,2.615
childsnack-contents/parsize2-cham3,contentam2-p4,0.057,0.106,0.179,9,SUCCESS,0.024,0.082,0.106,0.237,8,SUCCESS,0.152,0.085,0.237
childsnack-contents/parsize2-cham3,contentam2-p8,0.058,0.107,0.181,9,SUCCESS,0.027,0.08,0.107,0.494,8,SUCCESS,0.396,0.098,0.494
childsnack-contents/parsize2-cham3,contentam4-p0,0.06,0.103,0.179,10,SUCCESS,0.024,0.079,0.103,0.114,8,SUCCESS,0.033,0.081,0.114
childsnack-contents/parsize2-cham3,contentam4-p12,0.059,0.124,0.2,9,SUCCESS,0.039,0.085,0.124,1.33,8,SUCCESS,1.205,0.125,1.33
childsnack-contents/parsize2-cham3,contentam4-p16,0.058,0.122,0.197,9,SUCCESS,0.041,0.081,0.122,2.178,8,SUCCESS,2.026,0.152,2.178
childsnack-contents/parsize2-cham3,contentam4-p20,0.057,0.123,0.197,9,SUCCESS,0.046,0.077,0.123,3.447,8,SUCCESS,3.259,0.188,3.447
childsnack-contents/parsize2-cham3,contentam4-p4,0.058,0.114,0.188,9,SUCCESS,0.031,0.083,0.114,0.306,8,SUCCESS,0.214,0.092,0.306
childsnack-contents/parsize2-cham3,contentam4-p8,0.057,0.114,0.187,9,SUCCESS,0.035,0.079,0.114,0.68,8,SUCCESS,0.572,0.108,0.68
childsnack-contents/parsize2-cham5,contentam2-p0,0.057,0.107,0.181,13,SUCCESS,0.029,0.078,0.107,0.216,12,SUCCESS,0.134,0.082,0.216
childsnack-contents/parsize2-cham5,contentam2-p12,0.06,0.13,0.208,13,SUCCESS,0.048,0.082,0.13,8.416,12,SUCCESS,8.106,0.31,8.416
childsnack-contents/parsize2-cham5,contentam2-p16,0.059,0.132,0.208,13,SUCCESS,0.052,0.08,0.132,14.439,12,SUCCESS,13.972,0.467,14.439
childsnack-contents/parsize2-cham5,contentam2-p20,0.058,0.137,0.211,13,SUCCESS,0.057,0.08,0.137,21.165,12,SUCCESS,20.473,0.692,21.165
childsnack-contents/parsize2-cham5,contentam2-p4,0.06,0.113,0.189,13,SUCCESS,0.035,0.078,0.113,1.323,12,SUCCESS,1.195,0.128,1.323
childsnack-contents/parsize2-cham5,contentam2-p8,0.061,0.121,0.199,13,SUCCESS,0.04,0.081,0.121,4.033,12,SUCCESS,3.837,0.196,4.033
childsnack-contents/parsize2-cham5,contentam4-p0,0.057,0.123,0.197,14,SUCCESS,0.033,0.09,0.123,0.268,12,SUCCESS,0.18,0.088,0.268
childsnack-contents/parsize2-cham5,contentam4-p12,0.059,0.144,0.22,13,SUCCESS,0.063,0.081,0.144,11.794,12,SUCCESS,11.367,0.427,11.794
childsnack-contents/parsize2-cham5,contentam4-p16,0.061,0.159,0.236,13,SUCCESS,0.069,0.09,0.159,20.812,12,SUCCESS,20.119,0.693,20.812
childsnack-contents/parsize2-cham5,contentam4-p20,0.059,0.159,0.236,13,SUCCESS,0.074,0.085,0.159,31.083,12,SUCCESS,30.059,1.024,31.083
childsnack-contents/parsize2-cham5,contentam4-p4,0.057,0.134,0.209,13,SUCCESS,0.052,0.082,0.134,1.945,12,SUCCESS,1.803,0.142,1.945
childsnack-contents/parsize2-cham5,contentam4-p8,0.06,0.139,0.216,13,SUCCESS,0.058,0.081,0.139,5.842,12,SUCCESS,5.588,0.254,5.842
childsnack-contents/parsize2-cham7,contentam2-p0,0.057,0.121,0.194,15,SUCCESS,0.04,0.081,0.121,0.586,14,SUCCESS,0.486,0.1,0.586
childsnack-contents/parsize2-cham7,contentam2-p12,0.057,0.144,0.217,15,SUCCESS,0.064,0.08,0.144,34.4,14,SUCCESS,33.31,1.09,34.4
childsnack-contents/parsize2-cham7,contentam2-p16,0.062,0.162,0.242,15,SUCCESS,0.071,0.091,0.162,57.072,14,SUCCESS,55.361,1.711,57.072
childsnack-contents/parsize2-cham7,contentam2-p20,0.061,0.168,0.247,15,SUCCESS,0.08,0.088,0.168,84.073,14,SUCCESS,81.453,2.62,84.073
childsnack-contents/parsize2-cham7,contentam2-p4,0.058,0.132,0.206,15,SUCCESS,0.05,0.082,0.132,5.699,14,SUCCESS,5.445,0.254,5.699
childsnack-contents/parsize2-cham7,contentam2-p8,0.059,0.14,0.215,15,SUCCESS,0.056,0.084,0.14,16.633,14,SUCCESS,16.081,0.552,16.633
childsnack-contents/parsize2-cham7,contentam4-p0,0.06,0.129,0.206,16,SUCCESS,0.046,0.083,0.129,0.824,14,SUCCESS,0.718,0.106,0.824
childsnack-contents/parsize2-cham7,contentam4-p12,0.06,0.177,0.253,15,SUCCESS,0.094,0.083,0.177,48.784,14,SUCCESS,47.231,1.553,48.784
childsnack-contents/parsize2-cham7,contentam4-p16,0.06,0.184,0.26,15,SUCCESS,0.102,0.082,0.184,84.181,14,SUCCESS,81.568,2.613,84.181
childsnack-contents/parsize2-cham7,contentam4-p20,0.06,0.202,0.28,15,SUCCESS,0.112,0.09,0.202,119.207,14,SUCCESS,115.212,3.995,119.207
childsnack-contents/parsize2-cham7,contentam4-p4,0.058,0.164,0.239,15,SUCCESS,0.076,0.088,0.164,8.888,14,SUCCESS,8.551,0.337,8.888
childsnack-contents/parsize2-cham7,contentam4-p8,0.062,0.17,0.249,15,SUCCESS,0.084,0.086,0.17,24.559,14,SUCCESS,23.747,0.812,24.559
childsnack-contents/parsize3-cham3,contentam3-p0,0.056,0.116,0.189,9,SUCCESS,0.036,0.08,0.116,0.323,8,SUCCESS,0.233,0.09,0.323
childsnack-contents/parsize3-cham3,contentam3-p10,0.059,0.128,0.204,9,SUCCESS,0.044,0.084,0.128,22.466,8,SUCCESS,21.881,0.585,22.466
childsnack-contents/parsize3-cham3,contentam3-p2,0.057,0.116,0.189,9,SUCCESS,0.037,0.079,0.116,1.126,8,SUCCESS,1.02,0.106,1.126
childsnack-contents/parsize3-cham3,contentam3-p4,0.059,0.116,0.191,9,SUCCESS,0.039,0.077,0.116,3.14,8,SUCCESS,2.976,0.164,3.14
childsnack-contents/parsize3-cham3,contentam3-p6,0.06,0.129,0.205,9,SUCCESS,0.042,0.087,0.129,7.061,8,SUCCESS,6.829,0.232,7.061
childsnack-contents/parsize3-cham3,contentam3-p8,0.059,0.129,0.206,9,SUCCESS,0.042,0.087,0.129,12.877,8,SUCCESS,12.505,0.372,12.877
childsnack-contents/parsize3-cham3,contentam5-p0,0.058,0.143,0.217,9,SUCCESS,0.059,0.084,0.143,0.482,8,SUCCESS,0.389,0.093,0.482
childsnack-contents/parsize3-cham3,contentam5-p10,0.059,0.182,0.257,9,SUCCESS,0.097,0.085,0.182,41.732,8,SUCCESS,40.531,1.201,41.732
childsnack-contents/parsize3-cham3,contentam5-p2,0.061,0.175,0.253,9,SUCCESS,0.089,0.086,0.175,2.388,8,SUCCESS,2.244,0.144,2.388
childsnack-contents/parsize3-cham3,contentam5-p4,0.059,0.18,0.255,9,SUCCESS,0.091,0.089,0.18,6.242,8,SUCCESS,5.992,0.25,6.242
childsnack-contents/parsize3-cham3,contentam5-p6,0.058,0.179,0.253,9,SUCCESS,0.092,0.087,0.179,13.385,8,SUCCESS,12.956,0.429,13.385
childsnack-contents/parsize3-cham3,contentam5-p8,0.058,0.181,0.256,9,SUCCESS,0.095,0.086,0.181,24.502,8,SUCCESS,23.751,0.751,24.502
childsnack-contents/parsize3-cham5,contentam3-p0,0.057,0.158,0.232,13,SUCCESS,0.063,0.095,0.158,3.331,12,SUCCESS,3.164,0.167,3.331
childsnack-contents/parsize3-cham5,contentam3-p10,0.058,0.167,0.241,13,SUCCESS,0.076,0.091,0.167,99.372,N/A,OOM,99.33,0.042,99.372
childsnack-contents/parsize3-cham5,contentam3-p2,0.056,0.147,0.219,13,SUCCESS,0.065,0.082,0.147,17.277,12,SUCCESS,16.835,0.442,17.277
childsnack-contents/parsize3-cham5,contentam3-p4,0.06,0.148,0.224,13,SUCCESS,0.068,0.08,0.148,46.665,12,SUCCESS,45.528,1.137,46.665
childsnack-contents/parsize3-cham5,contentam3-p6,0.056,0.164,0.237,13,SUCCESS,0.082,0.082,0.164,96.363,12,SUCCESS,93.959,2.404,96.363
childsnack-contents/parsize3-cham5,contentam3-p8,0.06,0.169,0.245,13,SUCCESS,0.074,0.095,0.169,189.662,12,SUCCESS,185.026,4.636,189.662
childsnack-contents/parsize3-cham5,contentam5-p0,0.059,0.196,0.273,13,SUCCESS,0.11,0.086,0.196,6.317,12,SUCCESS,6.072,0.245,6.317
childsnack-contents/parsize3-cham5,contentam5-p10,0.058,0.296,0.37,13,SUCCESS,0.206,0.09,0.296,78.349,N/A,OOM,78.31,0.039,78.349
childsnack-contents/parsize3-cham5,contentam5-p2,0.057,0.288,0.362,13,SUCCESS,0.184,0.104,0.288,32.497,12,SUCCESS,31.487,1.01,32.497
childsnack-contents/parsize3-cham5,contentam5-p4,0.065,0.288,0.371,13,SUCCESS,0.19,0.098,0.288,85.954,12,SUCCESS,83.474,2.48,85.954
childsnack-contents/parsize3-cham5,contentam5-p6,0.057,0.301,0.377,13,SUCCESS,0.202,0.099,0.301,187.632,12,SUCCESS,182.066,5.566,187.632
childsnack-contents/parsize3-cham5,contentam5-p8,0.061,0.293,0.371,13,SUCCESS,0.205,0.088,0.293,75.144,N/A,OOM,75.10,0.044,75.144
childsnack-contents/parsize3-cham7,contentam3-p0,0.059,0.188,0.264,15,SUCCESS,0.101,0.087,0.188,21.273,14,SUCCESS,20.734,0.539,21.273
childsnack-contents/parsize3-cham7,contentam3-p10,0.059,0.201,0.276,15,SUCCESS,0.117,0.084,0.201,42.743,N/A,OOM,42.70,0.043,42.743
childsnack-contents/parsize3-cham7,contentam3-p2,0.058,0.189,0.264,15,SUCCESS,0.104,0.085,0.189,96.366,14,SUCCESS,94.001,2.365,96.366
childsnack-contents/parsize3-cham7,contentam3-p4,0.059,0.194,0.27,15,SUCCESS,0.11,0.084,0.194,108.441,N/A,OOM,108.33,0.111,108.441
childsnack-contents/parsize3-cham7,contentam3-p6,0.058,0.196,0.271,15,SUCCESS,0.112,0.084,0.196,91.463,N/A,OOM,91.40,0.063,91.463
childsnack-contents/parsize3-cham7,contentam3-p8,0.057,0.2,0.274,15,SUCCESS,0.115,0.085,0.2,42.808,N/A,OOM,42.75,0.058,42.808
childsnack-contents/parsize3-cham7,contentam5-p0,0.059,0.258,0.333,15,SUCCESS,0.173,0.085,0.258,37.31,14,SUCCESS,36.232,1.078,37.31
childsnack-contents/parsize3-cham7,contentam5-p10,0.064,0.457,0.539,15,SUCCESS,0.349,0.108,0.457,43.039,N/A,OOM,42.95,0.089,43.039
childsnack-contents/parsize3-cham7,contentam5-p2,0.06,0.424,0.501,15,SUCCESS,0.322,0.102,0.424,178.15,14,SUCCESS,172.855,5.295,178.15
childsnack-contents/parsize3-cham7,contentam5-p4,0.059,0.462,0.539,15,SUCCESS,0.358,0.104,0.462,73.643,N/A,OOM,73.66,0,73.643
childsnack-contents/parsize3-cham7,contentam5-p6,0.066,0.437,0.519,15,SUCCESS,0.338,0.099,0.437,80.072,N/A,OOM,79.98,0.092,80.072
childsnack-contents/parsize3-cham7,contentam5-p8,0.058,0.425,0.5,15,SUCCESS,0.327,0.098,0.425,42.693,N/A,OOM,42.64,0.053,42.693
childsnack-contents/parsize4-cham3,contentam4-p0,0.058,0.251,0.326,9,SUCCESS,0.161,0.09,0.251,5.867,8,SUCCESS,5.7,0.167,5.867
childsnack-contents/parsize4-cham3,contentam4-p1,0.056,0.252,0.325,9,SUCCESS,0.164,0.088,0.252,13.711,8,SUCCESS,13.438,0.273,13.711
childsnack-contents/parsize4-cham3,contentam4-p2,0.056,0.254,0.327,9,SUCCESS,0.165,0.089,0.254,27.295,8,SUCCESS,26.822,0.473,27.295
childsnack-contents/parsize4-cham3,contentam4-p3,0.058,0.246,0.321,9,SUCCESS,0.16,0.086,0.246,47.695,8,SUCCESS,46.973,0.722,47.695
childsnack-contents/parsize4-cham3,contentam4-p4,0.058,0.25,0.326,9,SUCCESS,0.161,0.089,0.25,77.867,8,SUCCESS,76.704,1.163,77.867
childsnack-contents/parsize4-cham3,contentam4-p5,0.059,0.253,0.328,9,SUCCESS,0.165,0.088,0.253,129.882,8,SUCCESS,127.951,1.931,129.882
childsnack-contents/parsize4-cham3,contentam6-p0,0.058,0.613,0.688,9,SUCCESS,0.514,0.099,0.613,11.47,8,SUCCESS,11.136,0.334,11.47
childsnack-contents/parsize4-cham3,contentam6-p1,0.061,0.758,0.835,9,SUCCESS,0.647,0.111,0.758,27.9,8,SUCCESS,27.213,0.687,27.9
childsnack-contents/parsize4-cham3,contentam6-p2,0.059,0.997,1.073,9,SUCCESS,0.868,0.129,0.997,58.866,8,SUCCESS,57.417,1.449,58.866
childsnack-contents/parsize4-cham3,contentam6-p3,0.058,1.022,1.098,9,SUCCESS,0.875,0.147,1.022,105.386,8,SUCCESS,102.711,2.675,105.386
childsnack-contents/parsize4-cham3,contentam6-p4,0.064,0.987,1.069,9,SUCCESS,0.859,0.128,0.987,179.446,8,SUCCESS,174.934,4.512,179.446
childsnack-contents/parsize4-cham3,contentam6-p5,0.065,1.081,1.163,9,SUCCESS,0.939,0.142,1.081,103.386,N/A,OOM,103.32,0.066,103.386
childsnack-contents/parsize4-cham5,contentam4-p0,0.057,0.472,0.546,13,SUCCESS,0.368,0.104,0.472,123.88,12,SUCCESS,121.815,2.065,123.88
childsnack-contents/parsize4-cham5,contentam4-p1,0.058,0.47,0.544,13,SUCCESS,0.365,0.105,0.47,147.188,N/A,OOM,147.09,0.098,147.188
childsnack-contents/parsize4-cham5,contentam4-p2,0.06,0.482,0.559,13,SUCCESS,0.371,0.111,0.482,44.581,N/A,OOM,44.53,0.051,44.581
childsnack-contents/parsize4-cham5,contentam4-p3,0.063,0.48,0.56,13,SUCCESS,0.374,0.106,0.48,44.323,N/A,OOM,44.24,0.083,44.323
childsnack-contents/parsize4-cham5,contentam4-p4,0.058,0.48,0.555,13,SUCCESS,0.376,0.104,0.48,300.152,N/A,ERROR,300.10,0.052,300.152
childsnack-contents/parsize4-cham5,contentam4-p5,0.058,0.484,0.56,13,SUCCESS,0.379,0.105,0.484,44.912,N/A,OOM,44.87,0.042,44.912
childsnack-contents/parsize4-cham5,contentam6-p0,0.057,1.342,1.416,13,SUCCESS,1.22,0.122,1.342,219.757,12,SUCCESS,214.815,4.942,219.757
childsnack-contents/parsize4-cham5,contentam6-p1,0.063,1.972,2.054,13,SUCCESS,1.804,0.168,1.972,79.313,N/A,OOM,79.25,0.063,79.313
childsnack-contents/parsize4-cham5,contentam6-p2,0.06,2.471,2.548,13,SUCCESS,2.26,0.211,2.471,44.929,N/A,OOM,44.86,0.069,44.929
childsnack-contents/parsize4-cham5,contentam6-p3,0.064,2.411,2.491,13,SUCCESS,2.211,0.2,2.411,44.961,N/A,OOM,44.89,0.071,44.961
childsnack-contents/parsize4-cham5,contentam6-p4,0.06,2.464,2.541,13,SUCCESS,2.251,0.213,2.464,44.979,N/A,OOM,44.93,0.049,44.979
childsnack-contents/parsize4-cham5,contentam6-p5,0.059,2.52,2.596,13,SUCCESS,2.311,0.209,2.52,44.702,N/A,OOM,44.65,0.052,44.702
childsnack-contents/parsize4-cham7,contentam4-p0,0.059,0.862,0.938,15,SUCCESS,0.738,0.124,0.862,44.474,N/A,OOM,44.41,0.064,44.474
childsnack-contents/parsize4-cham7,contentam4-p1,0.058,0.85,0.925,15,SUCCESS,0.728,0.122,0.85,300.207,N/A,ERROR,300.15,0.057,300.207
childsnack-contents/parsize4-cham7,contentam4-p2,0.059,0.855,0.931,15,SUCCESS,0.735,0.12,0.855,44.321,N/A,OOM,44.27,0.051,44.321
childsnack-contents/parsize4-cham7,contentam4-p3,0.065,0.869,0.95,15,SUCCESS,0.744,0.125,0.869,300.179,N/A,ERROR,300.14,0.039,300.179
childsnack-contents/parsize4-cham7,contentam4-p4,0.06,0.859,0.936,15,SUCCESS,0.737,0.122,0.859,44.621,N/A,OOM,44.58,0.041,44.621
childsnack-contents/parsize4-cham7,contentam4-p5,0.058,0.864,0.939,15,SUCCESS,0.742,0.122,0.864,44.413,N/A,OOM,44.36,0.053,44.413
childsnack-contents/parsize4-cham7,contentam6-p0,0.058,2.443,2.518,15,SUCCESS,2.29,0.153,2.443,44.771,N/A,OOM,44.71,0.061,44.771
childsnack-contents/parsize4-cham7,contentam6-p1,0.058,3.49,3.565,15,SUCCESS,3.28,0.21,3.49,44.916,N/A,OOM,44.86,0.056,44.916
childsnack-contents/parsize4-cham7,contentam6-p2,0.058,4.794,4.868,15,SUCCESS,4.485,0.309,4.794,300.169,N/A,ERROR,300.12,0.049,300.169
childsnack-contents/parsize4-cham7,contentam6-p3,0.058,4.629,4.704,15,SUCCESS,4.324,0.305,4.629,300.221,N/A,ERROR,300.18,0.041,300.221
childsnack-contents/parsize4-cham7,contentam6-p4,0.059,4.677,4.753,15,SUCCESS,4.376,0.301,4.677,300.163,N/A,ERROR,300.12,0.043,300.163
childsnack-contents/parsize4-cham7,contentam6-p5,0.06,4.738,4.814,15,SUCCESS,4.44,0.298,4.738,45.336,N/A,OOM,45.29,0.046,45.336
gnad-et-al-aaai19-large-instances/blocks-large,p100,0.059,9.277,9.352,156,SUCCESS,8.919,0.358,9.277,102.706,35,SUCCESS,98.449,4.257,102.706
gnad-et-al-aaai19-large-instances/blocks-large,p76,0.057,4.144,4.218,129,SUCCESS,3.924,0.22,4.144,44.171,71,SUCCESS,42.094,2.077,44.171
gnad-et-al-aaai19-large-instances/blocks-large,p77,0.06,3.902,3.979,115,SUCCESS,3.682,0.22,3.902,45.429,32,SUCCESS,43.663,1.766,45.429
gnad-et-al-aaai19-large-instances/blocks-large,p78,0.059,4.154,4.23,121,SUCCESS,3.936,0.218,4.154,47.947,62,SUCCESS,45.769,2.178,47.947
gnad-et-al-aaai19-large-instances/blocks-large,p79,0.06,4.343,4.42,129,SUCCESS,4.108,0.235,4.343,50.109,71,SUCCESS,47.749,2.36,50.109
gnad-et-al-aaai19-large-instances/blocks-large,p80,0.058,4.328,4.404,114,SUCCESS,4.108,0.22,4.328,51.452,55,SUCCESS,49.264,2.188,51.452
gnad-et-al-aaai19-large-instances/blocks-large,p81,0.06,4.622,4.699,117,SUCCESS,4.39,0.232,4.622,53.244,51,SUCCESS,50.952,2.292,53.244
gnad-et-al-aaai19-large-instances/blocks-large,p82,0.059,4.806,4.881,138,SUCCESS,4.555,0.251,4.806,56.433,84,SUCCESS,53.6,2.833,56.433
gnad-et-al-aaai19-large-instances/blocks-large,p83,0.059,5.123,5.199,126,SUCCESS,4.881,0.242,5.123,58.464,62,SUCCESS,55.845,2.619,58.464
gnad-et-al-aaai19-large-instances/blocks-large,p84,0.058,5.181,5.257,138,SUCCESS,4.916,0.265,5.181,59.937,67,SUCCESS,57.115,2.822,59.937
gnad-et-al-aaai19-large-instances/blocks-large,p85,0.065,5.33,5.412,130,SUCCESS,5.077,0.253,5.33,62.105,69,SUCCESS,59.176,2.929,62.105
gnad-et-al-aaai19-large-instances/blocks-large,p86,0.067,5.622,5.706,129,SUCCESS,5.358,0.264,5.622,64.079,42,SUCCESS,61.436,2.643,64.079
gnad-et-al-aaai19-large-instances/blocks-large,p87,0.059,5.774,5.85,137,SUCCESS,5.501,0.273,5.774,68.657,71,SUCCESS,65.466,3.191,68.657
gnad-et-al-aaai19-large-instances/blocks-large,p88,0.06,5.917,5.994,138,SUCCESS,5.645,0.272,5.917,70.659,76,SUCCESS,67.08,3.579,70.659
gnad-et-al-aaai19-large-instances/blocks-large,p89,0.06,6.13,6.206,141,SUCCESS,5.857,0.273,6.13,72.971,78,SUCCESS,69.324,3.647,72.971
gnad-et-al-aaai19-large-instances/blocks-large,p90,0.06,6.338,6.415,129,SUCCESS,6.065,0.273,6.338,73.445,59,SUCCESS,70.155,3.29,73.445
gnad-et-al-aaai19-large-instances/blocks-large,p91,0.059,6.512,6.587,137,SUCCESS,6.226,0.286,6.512,77.661,64,SUCCESS,73.987,3.674,77.661
gnad-et-al-aaai19-large-instances/blocks-large,p92,0.059,6.787,6.863,142,SUCCESS,6.49,0.297,6.787,81.938,40,SUCCESS,78.659,3.279,81.938
gnad-et-al-aaai19-large-instances/blocks-large,p93,0.06,7.02,7.098,144,SUCCESS,6.712,0.308,7.02,82.621,82,SUCCESS,78.32,4.301,82.621
gnad-et-al-aaai19-large-instances/blocks-large,p94,0.059,7.189,7.264,147,SUCCESS,6.878,0.311,7.189,85.53,78,SUCCESS,81.156,4.374,85.53
gnad-et-al-aaai19-large-instances/blocks-large,p95,0.059,7.699,7.775,148,SUCCESS,7.367,0.332,7.699,91.77,41,SUCCESS,88.062,3.708,91.77
gnad-et-al-aaai19-large-instances/blocks-large,p96,0.062,8.013,8.093,151,SUCCESS,7.677,0.336,8.013,90.073,69,SUCCESS,85.617,4.456,90.073
gnad-et-al-aaai19-large-instances/blocks-large,p97,0.058,8.174,8.249,153,SUCCESS,7.829,0.345,8.174,93.935,85,SUCCESS,88.794,5.141,93.935
gnad-et-al-aaai19-large-instances/blocks-large,p98,0.06,8.406,8.483,161,SUCCESS,8.064,0.342,8.406,96.763,92,SUCCESS,91.467,5.296,96.763
gnad-et-al-aaai19-large-instances/blocks-large,p99,0.061,8.556,8.634,143,SUCCESS,8.224,0.332,8.556,98.656,66,SUCCESS,93.974,4.682,98.656
gnad-et-al-aaai19-large-instances/caldera-large,12_hosts_trial_1,0.086,0,0.086,N/A,TRANSFORMATION_FAIL,N/A,N/A,N/A,158.408,N/A,ERROR,154.102,4.306,158.408
gnad-et-al-aaai19-large-instances/caldera-large,12_hosts_trial_2,0.094,0,0.094,N/A,TRANSFORMATION_FAIL,N/A,N/A,N/A,80.032,N/A,OOM,79.95,0.082,80.032
gnad-et-al-aaai19-large-instances/caldera-large,12_hosts_trial_3,0.086,0,0.086,N/A,TRANSFORMATION_FAIL,N/A,N/A,N/A,94.176,N/A,OOM,94.10,0.076,94.176
gnad-et-al-aaai19-large-instances/caldera-large,12_hosts_trial_4,0.092,0,0.092,N/A,TRANSFORMATION_FAIL,N/A,N/A,N/A,129.121,N/A,OOM,129.05,0.071,129.121
gnad-et-al-aaai19-large-instances/caldera-large,12_hosts_trial_5,0.086,0,0.086,N/A,TRANSFORMATION_FAIL,N/A,N/A,N/A,101.094,N/A,OOM,101.04,0.054,101.094
gnad-et-al-aaai19-large-instances/caldera-large,13_hosts_trial_1,0.085,0,0.085,N/A,TRANSFORMATION_FAIL,N/A,N/A,N/A,82.913,N/A,OOM,82.86,0.053,82.913
gnad-et-al-aaai19-large-instances/caldera-large,13_hosts_trial_2,0.085,0,0.085,N/A,TRANSFORMATION_FAIL,N/A,N/A,N/A,60.813,N/A,OOM,60.75,0.063,60.813
gnad-et-al-aaai19-large-instances/caldera-large,13_hosts_trial_3,0.085,0,0.085,N/A,TRANSFORMATION_FAIL,N/A,N/A,N/A,300.186,N/A,ERROR,300.12,0.066,300.186
gnad-et-al-aaai19-large-instances/caldera-large,13_hosts_trial_4,0.085,0,0.085,N/A,TRANSFORMATION_FAIL,N/A,N/A,N/A,300.192,N/A,ERROR,300.10,0.092,300.192
gnad-et-al-aaai19-large-instances/caldera-large,13_hosts_trial_5,0.085,0,0.085,N/A,TRANSFORMATION_FAIL,N/A,N/A,N/A,108.589,N/A,OOM,108.52,0.069,108.589
gnad-et-al-aaai19-large-instances/caldera-large,14_hosts_trial_1,0.086,0,0.086,N/A,TRANSFORMATION_FAIL,N/A,N/A,N/A,300.163,N/A,ERROR,300.10,0.063,300.163
gnad-et-al-aaai19-large-instances/caldera-large,14_hosts_trial_2,0.089,0,0.089,N/A,TRANSFORMATION_FAIL,N/A,N/A,N/A,81.273,N/A,OOM,81.22,0.053,81.273
gnad-et-al-aaai19-large-instances/caldera-large,14_hosts_trial_3,0.085,0,0.085,N/A,TRANSFORMATION_FAIL,N/A,N/A,N/A,301.161,N/A,ERROR,301.09,0.071,301.161
gnad-et-al-aaai19-large-instances/caldera-large,14_hosts_trial_4,0.086,0,0.086,N/A,TRANSFORMATION_FAIL,N/A,N/A,N/A,171.908,N/A,OOM,171.81,0.098,171.908
gnad-et-al-aaai19-large-instances/caldera-large,14_hosts_trial_5,0.086,0,0.086,N/A,TRANSFORMATION_FAIL,N/A,N/A,N/A,123.579,N/A,OOM,123.48,0.099,123.579
gnad-et-al-aaai19-large-instances/caldera-large,15_hosts_trial_1,0.088,0,0.088,N/A,TRANSFORMATION_FAIL,N/A,N/A,N/A,73.698,N/A,OOM,73.65,0.048,73.698
gnad-et-al-aaai19-large-instances/caldera-large,15_hosts_trial_2,0.085,0,0.085,N/A,TRANSFORMATION_FAIL,N/A,N/A,N/A,79.426,N/A,OOM,79.36,0.066,79.426
gnad-et-al-aaai19-large-instances/caldera-large,15_hosts_trial_3,0.09,0,0.09,N/A,TRANSFORMATION_FAIL,N/A,N/A,N/A,300.167,N/A,ERROR,300.09,0.077,300.167
gnad-et-al-aaai19-large-instances/caldera-large,15_hosts_trial_4,0.09,0,0.09,N/A,TRANSFORMATION_FAIL,N/A,N/A,N/A,180.028,N/A,OOM,179.94,0.088,180.028
gnad-et-al-aaai19-large-instances/caldera-large,15_hosts_trial_5,0.086,0,0.086,N/A,TRANSFORMATION_FAIL,N/A,N/A,N/A,130.381,N/A,OOM,130.27,0.111,130.381
gnad-et-al-aaai19-large-instances/caldera-large,16_hosts_trial_1,0.085,0,0.085,N/A,TRANSFORMATION_FAIL,N/A,N/A,N/A,66.827,N/A,OOM,66.78,0.047,66.827
gnad-et-al-aaai19-large-instances/caldera-large,16_hosts_trial_2,0.086,0,0.086,N/A,TRANSFORMATION_FAIL,N/A,N/A,N/A,81.361,N/A,OOM,81.29,0.071,81.361
gnad-et-al-aaai19-large-instances/caldera-large,16_hosts_trial_3,0.085,0,0.085,N/A,TRANSFORMATION_FAIL,N/A,N/A,N/A,108.385,N/A,OOM,108.31,0.075,108.385
gnad-et-al-aaai19-large-instances/caldera-large,16_hosts_trial_4,0.087,0,0.087,N/A,TRANSFORMATION_FAIL,N/A,N/A,N/A,124.057,N/A,OOM,124.00,0.057,124.057
gnad-et-al-aaai19-large-instances/caldera-large,16_hosts_trial_5,0.084,0,0.084,N/A,TRANSFORMATION_FAIL,N/A,N/A,N/A,141.89,N/A,OOM,141.80,0.09,141.89
gnad-et-al-aaai19-large-instances/depots-large,p01-10-10-8-9-9-30,0.058,5.971,6.046,135,SUCCESS,5.715,0.256,5.971,8.494,25,SUCCESS,8.172,0.322,8.494
gnad-et-al-aaai19-large-instances/depots-large,p02-10-10-8-9-9-32,0.059,6.5,6.577,139,SUCCESS,6.22,0.28,6.5,8.895,41,SUCCESS,8.536,0.359,8.895
gnad-et-al-aaai19-large-instances/depots-large,p03-11-11-9-10-10-34,0.06,8.51,8.587,139,SUCCESS,8.181,0.329,8.51,11.394,37,SUCCESS,10.972,0.422,11.394
gnad-et-al-aaai19-large-instances/depots-large,p04-12-12-10-11-11-36,0.06,10.988,11.065,162,SUCCESS,10.593,0.395,10.988,14.257,43,SUCCESS,13.747,0.51,14.257
gnad-et-al-aaai19-large-instances/depots-large,p05-12-12-10-11-11-38,0.06,12.565,12.642,178,SUCCESS,12.127,0.438,12.565,16.144,39,SUCCESS,15.606,0.538,16.144
gnad-et-al-aaai19-large-instances/depots-large,p06-13-13-11-12-12-40,0.06,15.985,16.062,172,SUCCESS,15.472,0.513,15.985,18.977,57,SUCCESS,18.283,0.694,18.977
gnad-et-al-aaai19-large-instances/depots-large,p07-14-14-12-13-13-42,0.061,19.96,20.037,186,SUCCESS,19.357,0.603,19.96,23.048,50,SUCCESS,22.246,0.802,23.048
gnad-et-al-aaai19-large-instances/depots-large,p08-14-14-12-13-13-44,0.061,22.186,22.263,187,SUCCESS,21.528,0.658,22.186,25.081,38,SUCCESS,24.248,0.833,25.081
gnad-et-al-aaai19-large-instances/depots-large,p09-15-15-13-14-14-46,0.062,27.351,27.43,181,SUCCESS,26.571,0.78,27.351,31.048,66,SUCCESS,29.901,1.147,31.048
gnad-et-al-aaai19-large-instances/depots-large,p10-16-16-14-15-15-48,0.067,34.648,34.732,222,SUCCESS,33.589,1.059,34.648,34.796,48,SUCCESS,33.557,1.239,34.796
gnad-et-al-aaai19-large-instances/depots-large,p11-16-16-14-15-15-50,0.061,37.194,37.272,230,SUCCESS,36.041,1.153,37.194,39.112,62,SUCCESS,37.696,1.416,39.112
gnad-et-al-aaai19-large-instances/depots-large,p12-17-17-15-16-16-52,0.061,47.394,47.473,213,SUCCESS,45.997,1.397,47.394,43.603,67,SUCCESS,41.846,1.757,43.603
gnad-et-al-aaai19-large-instances/depots-large,p13-18-18-16-17-17-54,0.065,57.376,57.459,233,SUCCESS,55.649,1.727,57.376,50.424,55,SUCCESS,48.514,1.91,50.424
gnad-et-al-aaai19-large-instances/depots-large,p14-18-18-16-17-17-56,0.065,62.368,62.45,238,SUCCESS,60.455,1.913,62.368,53.757,42,SUCCESS,51.837,1.92,53.757
gnad-et-al-aaai19-large-instances/depots-large,p15-19-19-17-18-18-58,0.065,73.014,73.097,228,SUCCESS,70.812,2.202,73.014,63.915,42,SUCCESS,61.715,2.2,63.915
gnad-et-al-aaai19-large-instances/depots-large,p16-20-20-18-19-19-60,0.066,87.951,88.033,259,SUCCESS,85.067,2.884,87.951,70.541,52,SUCCESS,67.798,2.743,70.541
gnad-et-al-aaai19-large-instances/depots-large,p17-20-20-18-19-19-62,0.066,97.555,97.64,227,SUCCESS,94.745,2.81,97.555,75.981,40,SUCCESS,73.259,2.722,75.981
gnad-et-al-aaai19-large-instances/depots-large,p18-21-21-19-20-20-64,0.066,110.845,110.928,226,SUCCESS,107.585,3.26,110.845,85.718,58,SUCCESS,82.335,3.383,85.718
gnad-et-al-aaai19-large-instances/depots-large,p19-22-22-20-21-21-66,0.068,134.41,134.495,301,SUCCESS,129.642,4.768,134.41,94.295,61,SUCCESS,90.385,3.91,94.295
gnad-et-al-aaai19-large-instances/depots-large,p20-22-22-20-21-21-68,0.07,148.633,148.72,277,SUCCESS,143.961,4.672,148.633,105.707,90,SUCCESS,100.845,4.862,105.707
gnad-et-al-aaai19-large-instances/depots-large,p21-6-6-4-5-5-20,0.062,1.206,1.286,92,SUCCESS,1.083,0.123,1.206,1.694,38,SUCCESS,1.553,0.141,1.694
gnad-et-al-aaai19-large-instances/depots-large,p22-7-7-5-6-6-22,0.059,1.934,2.009,98,SUCCESS,1.79,0.144,1.934,2.625,41,SUCCESS,2.459,0.166,2.625
gnad-et-al-aaai19-large-instances/depots-large,p23-8-8-6-7-7-24,0.062,2.587,2.665,123,SUCCESS,2.42,0.167,2.587,3.639,44,SUCCESS,3.439,0.2,3.639
gnad-et-al-aaai19-large-instances/depots-large,p24-8-8-6-7-7-26,0.062,2.947,3.026,118,SUCCESS,2.761,0.186,2.947,4.442,43,SUCCESS,4.221,0.221,4.442
gnad-et-al-aaai19-large-instances/depots-large,p25-9-9-7-8-8-28,0.059,4.173,4.249,137,SUCCESS,3.955,0.218,4.173,6.168,46,SUCCESS,5.893,0.275,6.168
gnad-et-al-aaai19-large-instances/satellite-large,p01-10-4-6-204-204,0.071,2.628,2.716,472,SUCCESS,2.419,0.209,2.628,104.827,471,SUCCESS,91.536,13.291,104.827
gnad-et-al-aaai19-large-instances/satellite-large,p02-12-5-7-204-204,0.072,3.713,3.801,484,SUCCESS,3.453,0.26,3.713,128.289,484,SUCCESS,111.802,16.487,128.289
gnad-et-al-aaai19-large-instances/satellite-large,p03-10-4-6-212-212,0.069,2.555,2.64,488,SUCCESS,2.337,0.218,2.555,114.303,487,SUCCESS,98.842,15.461,114.303
gnad-et-al-aaai19-large-instances/satellite-large,p04-12-5-7-212-212,0.081,4.344,4.442,486,SUCCESS,4.068,0.276,4.344,138.182,484,SUCCESS,119.466,18.716,138.182
gnad-et-al-aaai19-large-instances/satellite-large,p05-11-4-6-220-220,0.078,3.339,3.434,503,SUCCESS,3.065,0.274,3.339,137.626,502,SUCCESS,118.71,18.916,137.626
gnad-et-al-aaai19-large-instances/satellite-large,p06-13-5-8-220-220,0.074,4.504,4.596,515,SUCCESS,4.199,0.305,4.504,165.925,513,SUCCESS,143.607,22.318,165.925
gnad-et-al-aaai19-large-instances/satellite-large,p07-11-4-6-228-228,0.07,3.485,3.572,539,SUCCESS,3.197,0.288,3.485,149.055,539,SUCCESS,127.857,21.198,149.055
gnad-et-al-aaai19-large-instances/satellite-large,p08-13-5-8-228-228,0.079,5.187,5.282,533,SUCCESS,4.858,0.329,5.187,174.976,534,SUCCESS,149.887,25.089,174.976
gnad-et-al-aaai19-large-instances/satellite-large,p09-11-4-6-236-236,0.073,3.824,3.914,514,SUCCESS,3.538,0.286,3.824,163.058,516,SUCCESS,140.834,22.224,163.058
gnad-et-al-aaai19-large-instances/satellite-large,p10-13-5-8-236-236,0.075,4.9,4.992,545,SUCCESS,4.563,0.337,4.9,192.455,545,SUCCESS,165.048,27.407,192.455
gnad-et-al-aaai19-large-instances/satellite-large,p11-12-5-7-244-244,0.076,5.061,5.154,555,SUCCESS,4.701,0.36,5.061,187.913,555,SUCCESS,160.319,27.594,187.913
gnad-et-al-aaai19-large-instances/satellite-large,p12-14-6-9-244-244,0.086,6.616,6.719,694,SUCCESS,6.14,0.476,6.616,224.425,694,SUCCESS,186.202,38.223,224.425
gnad-et-al-aaai19-large-instances/satellite-large,p13-12-5-7-252-252,0.077,4.844,4.938,562,SUCCESS,4.511,0.333,4.844,201.018,564,SUCCESS,171.55,29.468,201.018
gnad-et-al-aaai19-large-instances/satellite-large,p14-14-6-9-252-252,0.078,7.35,7.444,698,SUCCESS,6.831,0.519,7.35,107.342,N/A,OOM,107.25,0.092,107.342
gnad-et-al-aaai19-large-instances/satellite-large,p15-13-5-8-260-260,0.074,6.235,6.326,601,SUCCESS,5.842,0.393,6.235,230.465,602,SUCCESS,193.897,36.568,230.465
gnad-et-al-aaai19-large-instances/satellite-large,p16-15-6-10-260-260,0.082,7.596,7.695,735,SUCCESS,7.058,0.538,7.596,98.037,N/A,OOM,97.94,0.097,98.037
gnad-et-al-aaai19-large-instances/satellite-large,p17-13-5-8-268-268,0.076,6.429,6.522,620,SUCCESS,6.008,0.421,6.429,97.285,N/A,OOM,97.18,0.105,97.285
gnad-et-al-aaai19-large-instances/satellite-large,p18-15-6-10-268-268,0.084,7.76,7.861,712,SUCCESS,7.264,0.496,7.76,82.398,N/A,OOM,82.32,0.078,82.398
gnad-et-al-aaai19-large-instances/satellite-large,p19-13-5-8-276-276,0.075,6.688,6.779,624,SUCCESS,6.28,0.408,6.688,99.203,N/A,OOM,99.08,0.123,99.203
gnad-et-al-aaai19-large-instances/satellite-large,p20-15-6-10-276-276,0.079,9.118,9.214,749,SUCCESS,8.521,0.597,9.118,86.391,N/A,OOM,86.33,0.061,86.391
gnad-et-al-aaai19-large-instances/satellite-large,p21-14-6-9-284-284,0.084,7.393,7.494,792,SUCCESS,6.828,0.565,7.393,84.483,N/A,OOM,84.43,0.053,84.483
gnad-et-al-aaai19-large-instances/satellite-large,p22-16-7-10-284-284,0.098,10.926,11.04,783,SUCCESS,10.264,0.662,10.926,73.437,N/A,OOM,73.38,0.057,73.437
gnad-et-al-aaai19-large-instances/satellite-large,p23-14-6-9-292-292,0.08,8.158,8.255,795,SUCCESS,7.548,0.61,8.158,81.492,N/A,OOM,81.43,0.062,81.492
gnad-et-al-aaai19-large-instances/satellite-large,p24-16-7-10-292-292,0.094,10.199,10.31,809,SUCCESS,9.485,0.714,10.199,81.75,N/A,OOM,81.68,0.07,81.75
gnad-et-al-aaai19-large-instances/satellite-large,p25-15-6-10-300-300,0.09,10.088,10.195,809,SUCCESS,9.421,0.667,10.088,300.176,N/A,ERROR,300.13,0.046,300.176
gnad-et-al-aaai19-large-instances/tpp-large,p01-30-20-6-7-7,0.07,2.807,2.893,178,SUCCESS,2.578,0.229,2.807,12.697,162,SUCCESS,12.103,0.594,12.697
gnad-et-al-aaai19-large-instances/tpp-large,p02-32-21-7-8-8,0.072,4.173,4.262,214,SUCCESS,3.862,0.311,4.173,23.186,208,SUCCESS,21.829,1.357,23.186
gnad-et-al-aaai19-large-instances/tpp-large,p03-34-22-7-8-8,0.07,4.564,4.651,206,SUCCESS,4.236,0.328,4.564,24.956,194,SUCCESS,23.558,1.398,24.956
gnad-et-al-aaai19-large-instances/tpp-large,p04-36-24-8-9-9,0.082,5.951,6.049,240,SUCCESS,5.501,0.45,5.951,42.226,222,SUCCESS,39.391,2.835,42.226
gnad-et-al-aaai19-large-instances/tpp-large,p05-38-25-8-9-9,0.083,6.357,6.456,271,SUCCESS,5.832,0.525,6.357,44.792,263,SUCCESS,41.472,3.32,44.792
gnad-et-al-aaai19-large-instances/tpp-large,p06-40-26-9-10-10,0.085,8.468,8.57,275,SUCCESS,7.812,0.656,8.468,72.431,247,SUCCESS,67.053,5.378,72.431
gnad-et-al-aaai19-large-instances/tpp-large,p07-42-28-9-10-10,0.085,9.169,9.271,324,SUCCESS,8.419,0.75,9.169,78.081,291,SUCCESS,71.869,6.212,78.081
gnad-et-al-aaai19-large-instances/tpp-large,p08-44-29-10-11-11,0.089,11.916,12.022,341,SUCCESS,10.871,1.045,11.916,120.57,315,SUCCESS,110.149,10.421,120.57
gnad-et-al-aaai19-large-instances/tpp-large,p09-46-30-10-11-11,0.087,12.724,12.828,362,SUCCESS,11.569,1.155,12.724,128.05,353,SUCCESS,116.162,11.888,128.05
gnad-et-al-aaai19-large-instances/tpp-large,p10-48-32-11-12-12,0.091,15.888,15.996,376,SUCCESS,14.253,1.635,15.888,189.781,342,SUCCESS,172.118,17.663,189.781
gnad-et-al-aaai19-large-instances/tpp-large,p11-50-33-11-12-12,0.092,17.508,17.616,417,SUCCESS,15.536,1.972,17.508,200.14,403,SUCCESS,179.444,20.696,200.14
gnad-et-al-aaai19-large-instances/tpp-large,p12-52-34-12-13-13,0.091,21.163,21.272,505,SUCCESS,18.091,3.072,21.163,77.093,N/A,OOM,77.02,0.073,77.093
gnad-et-al-aaai19-large-instances/tpp-large,p13-54-36-12-13-13,0.093,23.118,23.228,446,SUCCESS,20.123,2.995,23.118,300.169,N/A,ERROR,300.08,0.089,300.169
gnad-et-al-aaai19-large-instances/tpp-large,p14-56-37-13-14-14,0.11,28.514,28.64,521,SUCCESS,23.657,4.857,28.514,75.453,N/A,OOM,75.39,0.063,75.453
gnad-et-al-aaai19-large-instances/tpp-large,p15-58-38-13-14-14,0.119,31.168,31.304,555,SUCCESS,24.941,6.227,31.168,77.278,N/A,OOM,77.20,0.078,77.278
gnad-et-al-aaai19-large-instances/tpp-large,p16-60-40-14-15-15,0.12,37.748,37.885,618,SUCCESS,29.699,8.049,37.748,77.573,N/A,OOM,77.47,0.103,77.573
gnad-et-al-aaai19-large-instances/tpp-large,p17-62-41-14-15-15,0.118,40.083,40.218,646,SUCCESS,31.364,8.719,40.083,300.18,N/A,ERROR,300.11,0.07,300.18
gnad-et-al-aaai19-large-instances/tpp-large,p18-64-42-15-16-16,0.118,46.635,46.77,655,SUCCESS,35.687,10.948,46.635,301.172,N/A,ERROR,301.07,0.102,301.172
gnad-et-al-aaai19-large-instances/tpp-large,p19-66-44-15-16-16,0.122,51.089,51.228,711,SUCCESS,38.463,12.626,51.089,85.151,N/A,OOM,85.07,0.081,85.151
gnad-et-al-aaai19-large-instances/tpp-large,p20-68-45-16-17-17,0.122,60.012,60.15,812,SUCCESS,43.669,16.343,60.012,56.493,N/A,OOM,56.41,0.083,56.493
gnad-et-al-aaai19-large-instances/tpp-large,p21-20-13-4-5-5,0.065,0.798,0.88,92,SUCCESS,0.686,0.112,0.798,1.889,86,SUCCESS,1.736,0.153,1.889
gnad-et-al-aaai19-large-instances/tpp-large,p22-22-14-4-5-5,0.069,0.989,1.075,101,SUCCESS,0.867,0.122,0.989,2.09,92,SUCCESS,1.929,0.161,2.09
gnad-et-al-aaai19-large-instances/tpp-large,p23-24-16-5-6-6,0.069,1.633,1.719,118,SUCCESS,1.486,0.147,1.633,5.506,111,SUCCESS,5.226,0.28,5.506
gnad-et-al-aaai19-large-instances/tpp-large,p24-26-17-5-6-6,0.072,1.713,1.803,133,SUCCESS,1.556,0.157,1.713,5.809,120,SUCCESS,5.52,0.289,5.809
gnad-et-al-aaai19-large-instances/tpp-large,p25-28-18-6-7-7,0.069,2.5,2.586,179,SUCCESS,2.291,0.209,2.5,11.528,164,SUCCESS,10.972,0.556,11.528
logistics,prob-x1,0.067,13.742,13.825,3,SUCCESS,13.617,0.125,13.742,9.065,3,SUCCESS,8.937,0.128,9.065
logistics,prob28,0.071,13.89,13.977,2,SUCCESS,13.757,0.133,13.89,9.262,2,SUCCESS,9.131,0.131,9.262
logistics-large-simple/goal-1,p-a1-c1-s1000-p10-t1-g1,0.073,5.302,5.391,4,SUCCESS,5.17,0.132,5.302,57.612,4,SUCCESS,55.811,1.801,57.612
logistics-large-simple/goal-1,p-a1-c1-s1250-p10-t1-g1,0.086,7.078,7.182,4,SUCCESS,6.942,0.136,7.078,91.809,4,SUCCESS,89.036,2.773,91.809
logistics-large-simple/goal-1,p-a1-c1-s1500-p10-t1-g1,0.089,8.768,8.873,4,SUCCESS,8.613,0.155,8.768,131.013,4,SUCCESS,126.922,4.091,131.013
logistics-large-simple/goal-1,p-a1-c1-s1750-p10-t1-g1,0.094,10.731,10.842,4,SUCCESS,10.563,0.168,10.731,180.201,4,SUCCESS,174.755,5.446,180.201
logistics-large-simple/goal-1,p-a1-c1-s2000-p10-t1-g1,0.095,12.537,12.648,4,SUCCESS,12.349,0.188,12.537,99.833,N/A,OOM,99.72,0.113,99.833
logistics-large-simple/goal-1,p-a1-c2-s1000-p10-t2-g1,0.097,12.746,12.86,4,SUCCESS,12.571,0.175,12.746,117.255,4,SUCCESS,113.717,3.538,117.255
logistics-large-simple/goal-1,p-a1-c2-s1250-p10-t2-g1,0.123,16.611,16.752,4,SUCCESS,16.413,0.198,16.611,188.781,4,SUCCESS,183.18,5.601,188.781
logistics-large-simple/goal-1,p-a1-c2-s1500-p10-t2-g1,0.125,21.383,21.524,4,SUCCESS,21.162,0.221,21.383,97.929,N/A,OOM,97.85,0.079,97.929
logistics-large-simple/goal-1,p-a1-c2-s1750-p10-t2-g1,0.134,25.281,25.432,4,SUCCESS,25.04,0.241,25.281,97.29,N/A,OOM,97.22,0.07,97.29
logistics-large-simple/goal-1,p-a1-c2-s2000-p10-t2-g1,0.143,30.116,30.275,4,SUCCESS,29.856,0.26,30.116,95.226,N/A,OOM,95.09,0.136,95.226
logistics-large-simple/goal-2,p-a1-c1-s1000-p10-t1-g2,0.073,5.634,5.724,8,SUCCESS,5.489,0.145,5.634,58.101,8,SUCCESS,56.278,1.823,58.101
logistics-large-simple/goal-2,p-a1-c1-s1250-p10-t1-g2,0.087,6.959,7.062,8,SUCCESS,6.812,0.147,6.959,91.994,8,SUCCESS,89.115,2.879,91.994
logistics-large-simple/goal-2,p-a1-c1-s1500-p10-t1-g2,0.089,8.883,8.989,8,SUCCESS,8.721,0.162,8.883,130.832,8,SUCCESS,126.791,4.041,130.832
logistics-large-simple/goal-2,p-a1-c1-s1750-p10-t1-g2,0.093,10.671,10.781,8,SUCCESS,10.491,0.18,10.671,184.969,8,SUCCESS,179.208,5.761,184.969
logistics-large-simple/goal-2,p-a1-c1-s2000-p10-t1-g2,0.105,13.303,13.426,8,SUCCESS,13.093,0.21,13.303,100.31,N/A,OOM,100.24,0.07,100.31
logistics-large-simple/goal-2,p-a1-c2-s1000-p10-t2-g2,0.094,13.027,13.139,8,SUCCESS,12.833,0.194,13.027,117.369,8,SUCCESS,113.65,3.719,117.369
logistics-large-simple/goal-2,p-a1-c2-s1250-p10-t2-g2,0.121,16.953,17.091,8,SUCCESS,16.722,0.231,16.953,190.267,8,SUCCESS,184.642,5.625,190.267
logistics-large-simple/goal-2,p-a1-c2-s1500-p10-t2-g2,0.129,21.292,21.44,8,SUCCESS,21.046,0.246,21.292,97.846,N/A,OOM,97.72,0.126,97.846
logistics-large-simple/goal-2,p-a1-c2-s1750-p10-t2-g2,0.128,25.729,25.874,8,SUCCESS,25.441,0.288,25.729,97.18,N/A,OOM,97.11,0.07,97.18
logistics-large-simple/goal-2,p-a1-c2-s2000-p10-t2-g2,0.135,30.419,30.571,8,SUCCESS,30.109,0.31,30.419,95.263,N/A,OOM,95.20,0.063,95.263
logistics-large-simple/goal-3,p-a1-c1-s1000-p10-t1-g3,0.073,5.64,5.731,12,SUCCESS,5.479,0.161,5.64,58.106,12,SUCCESS,56.265,1.841,58.106
logistics-large-simple/goal-3,p-a1-c1-s1250-p10-t1-g3,0.087,7.049,7.152,12,SUCCESS,6.882,0.167,7.049,91.876,12,SUCCESS,89.009,2.867,91.876
logistics-large-simple/goal-3,p-a1-c1-s1500-p10-t1-g3,0.095,8.889,9.002,12,SUCCESS,8.706,0.183,8.889,130.451,12,SUCCESS,126.342,4.109,130.451
logistics-large-simple/goal-3,p-a1-c1-s1750-p10-t1-g3,0.092,10.761,10.871,12,SUCCESS,10.555,0.206,10.761,180.77,12,SUCCESS,175.132,5.638,180.77
logistics-large-simple/goal-3,p-a1-c1-s2000-p10-t1-g3,0.1,12.882,13.0,12,SUCCESS,12.662,0.22,12.882,99.519,N/A,OOM,99.40,0.119,99.519
logistics-large-simple/goal-3,p-a1-c2-s1000-p10-t2-g3,0.095,12.741,12.853,12,SUCCESS,12.513,0.228,12.741,117.22,12,SUCCESS,113.517,3.703,117.22
logistics-large-simple/goal-3,p-a1-c2-s1250-p10-t2-g3,0.12,16.682,16.819,12,SUCCESS,16.428,0.254,16.682,188.509,12,SUCCESS,182.71,5.799,188.509
logistics-large-simple/goal-3,p-a1-c2-s1500-p10-t2-g3,0.129,21.062,21.209,12,SUCCESS,20.771,0.291,21.062,97.475,N/A,OOM,97.38,0.095,97.475
logistics-large-simple/goal-3,p-a1-c2-s1750-p10-t2-g3,0.129,26.024,26.17,12,SUCCESS,25.7,0.324,26.024,96.821,N/A,OOM,96.73,0.091,96.821
logistics-large-simple/goal-3,p-a1-c2-s2000-p10-t2-g3,0.135,30.191,30.343,12,SUCCESS,29.838,0.353,30.191,94.649,N/A,OOM,94.58,0.069,94.649
logistics-large-simple/goal-4,p-a1-c1-s1000-p10-t1-g4,0.075,5.634,5.726,16,SUCCESS,5.48,0.154,5.634,58.041,16,SUCCESS,56.171,1.87,58.041
logistics-large-simple/goal-4,p-a1-c1-s1250-p10-t1-g4,0.086,7.203,7.305,16,SUCCESS,7.017,0.186,7.203,92.506,16,SUCCESS,89.615,2.891,92.506
logistics-large-simple/goal-4,p-a1-c1-s1500-p10-t1-g4,0.093,8.865,8.974,16,SUCCESS,8.668,0.197,8.865,130.558,16,SUCCESS,126.391,4.167,130.558
logistics-large-simple/goal-4,p-a1-c1-s1750-p10-t1-g4,0.093,10.985,11.095,16,SUCCESS,10.757,0.228,10.985,180.487,16,SUCCESS,174.764,5.723,180.487
logistics-large-simple/goal-4,p-a1-c1-s2000-p10-t1-g4,0.098,12.595,12.711,16,SUCCESS,12.354,0.241,12.595,99.216,N/A,OOM,99.17,0.046,99.216
logistics-large-simple/goal-4,p-a1-c2-s1000-p10-t2-g4,0.1,13.011,13.128,16,SUCCESS,12.776,0.235,13.011,117.385,16,SUCCESS,113.639,3.746,117.385
logistics-large-simple/goal-4,p-a1-c2-s1250-p10-t2-g4,0.119,16.886,17.021,16,SUCCESS,16.603,0.283,16.886,187.919,16,SUCCESS,182.062,5.857,187.919
logistics-large-simple/goal-4,p-a1-c2-s1500-p10-t2-g4,0.124,20.85,20.99,16,SUCCESS,20.527,0.323,20.85,98.062,N/A,OOM,97.97,0.092,98.062
logistics-large-simple/goal-4,p-a1-c2-s1750-p10-t2-g4,0.128,25.949,26.093,16,SUCCESS,25.586,0.363,25.949,97.489,N/A,OOM,97.38,0.109,97.489
logistics-large-simple/goal-4,p-a1-c2-s2000-p10-t2-g4,0.135,30.693,30.845,16,SUCCESS,30.293,0.4,30.693,94.861,N/A,OOM,94.78,0.081,94.861
organic-synthesis-MIT,p10,0.13,1.557,1.703,20,SUCCESS,1.45,0.107,1.557,43.549,N/A,OOM,43.49,0.059,43.549
organic-synthesis-MIT,p11,0.282,5.768,6.067,10,SUCCESS,5.606,0.162,5.768,72.195,N/A,OOM,72.13,0.065,72.195
organic-synthesis-MIT,p12,0.131,1.247,1.395,5,SUCCESS,1.151,0.096,1.247,43.367,N/A,OOM,43.25,0.117,43.367
organic-synthesis-MIT,p13,0.18,9.313,9.51,6,SUCCESS,9.138,0.175,9.313,300.159,N/A,ERROR,300.09,0.069,300.159
organic-synthesis-MIT,p14,0.137,0.798,0.952,7,SUCCESS,0.7,0.098,0.798,39.754,N/A,OOM,39.71,0.044,39.754
organic-synthesis-MIT,p15,0.239,0.376,0.631,6,SUCCESS,0.288,0.088,0.376,49.526,N/A,OOM,49.45,0.076,49.526
organic-synthesis-MIT,p16,0.096,0.411,0.523,4,SUCCESS,0.319,0.092,0.411,38.346,N/A,OOM,38.29,0.056,38.346
organic-synthesis-MIT,p17,0.098,4.214,4.328,7,SUCCESS,4.072,0.142,4.214,43.41,N/A,ERROR,43.35,0.06,43.41
organic-synthesis-MIT,p19,0.231,1.52,1.767,16,SUCCESS,1.409,0.111,1.52,66.133,N/A,OOM,66.06,0.073,66.133
organic-synthesis-MIT,p2,0.185,0.699,0.901,3,SUCCESS,0.611,0.088,0.699,41.045,N/A,OOM,40.98,0.065,41.045
organic-synthesis-MIT,p20,0.098,0.7,0.815,9,SUCCESS,0.61,0.09,0.7,40.645,N/A,OOM,40.61,0.035,40.645
organic-synthesis-MIT,p3,0.233,0.28,0.53,6,SUCCESS,0.198,0.082,0.28,5.845,2,SUCCESS,5.724,0.121,5.845
organic-synthesis-MIT,p4,0.131,0.259,0.406,4,SUCCESS,0.171,0.088,0.259,0.264,2,SUCCESS,0.176,0.088,0.264
organic-synthesis-MIT,p5,0.383,43.15,43.551,3,SUCCESS,41.677,1.473,43.15,79.305,N/A,OOM,79.24,0.065,79.305
organic-synthesis-MIT,p6,0.135,0.357,0.509,5,SUCCESS,0.271,0.086,0.357,61.89,N/A,OOM,61.80,0.09,61.89
organic-synthesis-MIT,p7,0.283,0.449,0.748,6,SUCCESS,0.364,0.085,0.449,79.325,N/A,OOM,79.26,0.065,79.325
organic-synthesis-MIT,p8,0.135,0.525,0.676,3,SUCCESS,0.435,0.09,0.525,50.953,N/A,OOM,50.89,0.063,50.953
organic-synthesis-MIT,p9,0.096,0.245,0.358,4,SUCCESS,0.152,0.093,0.245,64.346,N/A,OOM,64.30,0.046,64.346
organic-synthesis-alkene,p1,0.089,0.313,0.418,4,SUCCESS,0.229,0.084,0.313,72.914,N/A,OOM,72.84,0.074,72.914
organic-synthesis-alkene,p10,0.08,0.212,0.308,3,SUCCESS,0.124,0.088,0.212,14.12,2,SUCCESS,13.737,0.383,14.12
organic-synthesis-alkene,p11,0.1,0.226,0.344,8,SUCCESS,0.144,0.082,0.226,51.14,2,SUCCESS,49.773,1.367,51.14
organic-synthesis-alkene,p12,0.067,0.119,0.203,6,SUCCESS,0.041,0.078,0.119,0.437,1,SUCCESS,0.345,0.092,0.437
organic-synthesis-alkene,p13,0.068,0.122,0.206,6,SUCCESS,0.041,0.081,0.122,0.437,1,SUCCESS,0.349,0.088,0.437
organic-synthesis-alkene,p14,0.065,0.119,0.201,6,SUCCESS,0.037,0.082,0.119,0.504,1,SUCCESS,0.414,0.09,0.504
organic-synthesis-alkene,p15,0.066,0.118,0.201,6,SUCCESS,0.037,0.081,0.118,0.507,1,SUCCESS,0.411,0.096,0.507
organic-synthesis-alkene,p16,0.074,0.145,0.237,12,SUCCESS,0.062,0.083,0.145,1.386,2,SUCCESS,1.263,0.123,1.386
organic-synthesis-alkene,p17,0.076,0.13,0.224,6,SUCCESS,0.044,0.086,0.13,0.204,1,SUCCESS,0.117,0.087,0.204
organic-synthesis-alkene,p18,0.076,0.179,0.272,3,SUCCESS,0.098,0.081,0.179,4.963,2,SUCCESS,4.778,0.185,4.963
organic-synthesis-alkene,p2,0.074,0.184,0.274,3,SUCCESS,0.098,0.086,0.184,4.962,2,SUCCESS,4.782,0.18,4.962
organic-synthesis-alkene,p3,0.09,0.207,0.313,6,SUCCESS,0.122,0.085,0.207,98.547,N/A,OOM,98.45,0.097,98.547
organic-synthesis-alkene,p4,0.071,0.119,0.207,6,SUCCESS,0.036,0.083,0.119,0.21,1,SUCCESS,0.121,0.089,0.21
organic-synthesis-alkene,p5,0.066,0.116,0.199,6,SUCCESS,0.031,0.085,0.116,0.198,1,SUCCESS,0.111,0.087,0.198
organic-synthesis-alkene,p6,0.077,0.195,0.289,8,SUCCESS,0.113,0.082,0.195,10.031,2,SUCCESS,9.743,0.288,10.031
organic-synthesis-alkene,p7,0.065,0.114,0.196,6,SUCCESS,0.036,0.078,0.114,0.185,1,SUCCESS,0.102,0.083,0.185
organic-synthesis-alkene,p8,0.069,0.119,0.207,6,SUCCESS,0.037,0.082,0.119,0.574,1,SUCCESS,0.472,0.102,0.574
organic-synthesis-alkene,p9,0.091,0.209,0.317,6,SUCCESS,0.129,0.08,0.209,301.17,N/A,ERROR,301.08,0.09,301.17
organic-synthesis-original,prob01,0.285,299.166,299.469,N/A,TIMEOUT,299.10,0.066,299.166,37.518,N/A,OOM,37.45,0.068,37.518
organic-synthesis-original,prob02,0.231,3.312,3.56,6,SUCCESS,3.186,0.126,3.312,48.006,N/A,OOM,47.94,0.066,48.006
organic-synthesis-original,prob03,0.383,5.061,5.461,6,SUCCESS,4.942,0.119,5.061,38.804,N/A,OOM,38.74,0.064,38.804
organic-synthesis-original,prob04,0.232,1.104,1.352,5,SUCCESS,1.016,0.088,1.104,57.007,5,SUCCESS,56.117,0.89,57.007
organic-synthesis-original,prob05,0.383,143.057,143.458,3,SUCCESS,137.811,5.246,143.057,42.893,N/A,OOM,42.85,0.043,42.893
organic-synthesis-original,prob06,0.128,0.762,0.907,9,SUCCESS,0.674,0.088,0.762,300.17,N/A,ERROR,300.11,0.06,300.17
organic-synthesis-original,prob07,0.837,183.749,184.602,10,SUCCESS,177.729,6.02,183.749,40.303,N/A,OOM,40.24,0.063,40.303
organic-synthesis-original,prob08,0.434,300.175,300.626,N/A,ERROR,300.09,0.085,300.175,36.417,N/A,OOM,36.37,0.047,36.417
organic-synthesis-original,prob09,0.233,103.351,103.601,N/A,OOM,N/A,N/A,103.351,35.342,N/A,OOM,35.29,0.052,35.342
organic-synthesis-original,prob10,0.185,12.254,12.455,15,SUCCESS,12.033,0.221,12.254,42.333,N/A,OOM,42.26,0.073,42.333
organic-synthesis-original,prob11,0.486,40.324,40.826,16,SUCCESS,39.965,0.359,40.324,43.087,N/A,OOM,43.01,0.077,43.087
organic-synthesis-original,prob12,0.334,84.075,84.426,N/A,OOM,N/A,N/A,84.075,35.671,N/A,OOM,35.63,0.041,35.671
organic-synthesis-original,prob13,0.232,21.868,22.118,3,SUCCESS,21.615,0.253,21.868,51.18,N/A,ERROR,51.10,0.08,51.18
organic-synthesis-original,prob14,0.385,17.874,18.276,8,SUCCESS,17.66,0.214,17.874,106.074,N/A,OOM,105.99,0.084,106.074
organic-synthesis-original,prob15,0.434,37.749,38.2,11,SUCCESS,37.397,0.352,37.749,39.715,N/A,OOM,39.62,0.095,39.715
organic-synthesis-original,prob16,0.097,8.112,8.226,6,SUCCESS,7.929,0.183,8.112,40.364,N/A,ERROR,40.29,0.074,40.364
organic-synthesis-original,prob17,0.383,102.57,102.969,N/A,OOM,N/A,N/A,102.57,42.259,N/A,OOM,42.20,0.059,42.259
organic-synthesis-original,prob18,0.183,49.31,49.51,25,SUCCESS,48.933,0.377,49.31,300.138,N/A,ERROR,300.09,0.048,300.138
organic-synthesis-original,prob19,0.383,15.764,16.163,12,SUCCESS,15.529,0.235,15.764,72.572,N/A,OOM,72.51,0.062,72.572
organic-synthesis-original,prob20,0.13,2.996,3.142,12,SUCCESS,2.886,0.11,2.996,37.811,N/A,OOM,37.75,0.061,37.811
pipesworld-tankage-nosplit,p01-net1-b6-g2-t50,0.07,0.232,0.319,6,SUCCESS,0.148,0.084,0.232,0.115,4,SUCCESS,0.034,0.081,0.115
pipesworld-tankage-nosplit,p02-net1-b6-g4-t50,0.071,0.228,0.316,9,SUCCESS,0.15,0.078,0.228,0.115,5,SUCCESS,0.033,0.082,0.115
pipesworld-tankage-nosplit,p03-net1-b8-g3-t80,0.072,0.251,0.34,9,SUCCESS,0.17,0.081,0.251,0.185,6,SUCCESS,0.101,0.084,0.185
pipesworld-tankage-nosplit,p04-net1-b8-g5-t80,0.072,0.268,0.357,11,SUCCESS,0.184,0.084,0.268,0.187,6,SUCCESS,0.104,0.083,0.187
pipesworld-tankage-nosplit,p05-net1-b10-g4-t50,0.071,0.292,0.38,10,SUCCESS,0.214,0.078,0.292,0.214,6,SUCCESS,0.123,0.091,0.214
pipesworld-tankage-nosplit,p06-net1-b10-g6-t50,0.073,0.311,0.402,13,SUCCESS,0.226,0.085,0.311,0.2,6,SUCCESS,0.12,0.08,0.2
pipesworld-tankage-nosplit,p07-net1-b12-g5-t80,0.071,0.335,0.423,12,SUCCESS,0.253,0.082,0.335,0.447,7,SUCCESS,0.353,0.094,0.447
pipesworld-tankage-nosplit,p08-net1-b12-g7-t80,0.071,0.344,0.432,16,SUCCESS,0.255,0.089,0.344,0.474,7,SUCCESS,0.38,0.094,0.474
pipesworld-tankage-nosplit,p09-net1-b14-g6-t50,0.072,0.346,0.435,22,SUCCESS,0.261,0.085,0.346,0.511,8,SUCCESS,0.417,0.094,0.511
pipesworld-tankage-nosplit,p10-net1-b14-g8-t50,0.073,0.382,0.474,28,SUCCESS,0.29,0.092,0.382,0.52,10,SUCCESS,0.421,0.099,0.52
pipesworld-tankage-nosplit,p11-net2-b10-g2-t30,0.071,0.433,0.521,9,SUCCESS,0.344,0.089,0.433,40.588,4,SUCCESS,39.479,1.109,40.588
pipesworld-tankage-nosplit,p12-net2-b10-g4-t60,0.073,0.441,0.531,12,SUCCESS,0.351,0.09,0.441,113.91,5,SUCCESS,110.95,2.96,113.91
pipesworld-tankage-nosplit,p13-net2-b12-g3-t70,0.072,0.591,0.68,8,SUCCESS,0.491,0.1,0.591,189.739,4,SUCCESS,184.769,4.97,189.739
pipesworld-tankage-nosplit,p14-net2-b12-g5-t30,0.076,0.609,0.702,12,SUCCESS,0.511,0.098,0.609,79.555,8,SUCCESS,77.383,2.172,79.555
pipesworld-tankage-nosplit,p15-net2-b14-g4-t30,0.074,0.663,0.754,10,SUCCESS,0.565,0.098,0.663,83.332,6,SUCCESS,81.191,2.141,83.332
pipesworld-tankage-nosplit,p16-net2-b14-g6-t80,0.074,0.704,0.794,15,SUCCESS,0.603,0.101,0.704,80.242,N/A,OOM,80.19,0.052,80.242
pipesworld-tankage-nosplit,p17-net2-b16-g5-t20,0.079,0.819,0.916,13,SUCCESS,0.715,0.104,0.819,121.394,4,SUCCESS,118.229,3.165,121.394
pipesworld-tankage-nosplit,p18-net2-b16-g7-t60,0.081,0.934,1.032,13,SUCCESS,0.831,0.103,0.934,70.422,N/A,OOM,70.38,0.042,70.422
pipesworld-tankage-nosplit,p19-net2-b18-g6-t60,0.075,1.23,1.323,13,SUCCESS,1.117,0.113,1.23,83.224,N/A,OOM,83.17,0.054,83.224
pipesworld-tankage-nosplit,p20-net2-b18-g8-t90,0.074,1.276,1.368,15,SUCCESS,1.159,0.117,1.276,91.804,N/A,OOM,91.76,0.044,91.804
pipesworld-tankage-nosplit,p21-net3-b12-g2-t60,0.071,0.755,0.844,8,SUCCESS,0.656,0.099,0.755,98.259,4,SUCCESS,95.684,2.575,98.259
pipesworld-tankage-nosplit,p22-net3-b12-g4-t60,0.074,0.75,0.842,13,SUCCESS,0.648,0.102,0.75,97.588,8,SUCCESS,94.9,2.688,97.588
pipesworld-tankage-nosplit,p23-net3-b14-g3-t60,0.073,1.043,1.133,13,SUCCESS,0.935,0.108,1.043,80.534,N/A,OOM,80.47,0.064,80.534
pipesworld-tankage-nosplit,p24-net3-b14-g5-t60,0.073,1.055,1.145,16,SUCCESS,0.951,0.104,1.055,69.379,N/A,OOM,69.30,0.079,69.379
pipesworld-tankage-nosplit,p25-net3-b16-g5-t60,0.071,1.368,1.455,13,SUCCESS,1.252,0.116,1.368,76.857,N/A,OOM,76.79,0.067,76.857
pipesworld-tankage-nosplit,p26-net3-b16-g7-t70,0.072,1.42,1.508,16,SUCCESS,1.309,0.111,1.42,90.772,N/A,OOM,90.70,0.072,90.772
pipesworld-tankage-nosplit,p27-net3-b18-g6-t70,0.071,1.754,1.843,17,SUCCESS,1.629,0.125,1.754,89.103,N/A,OOM,89.06,0.043,89.103
pipesworld-tankage-nosplit,p28-net3-b18-g7-t70,0.071,1.665,1.752,22,SUCCESS,1.547,0.118,1.665,79.797,N/A,OOM,79.75,0.047,79.797
pipesworld-tankage-nosplit,p29-net3-b20-g6-t70,0.076,2.078,2.171,16,SUCCESS,1.958,0.12,2.078,300.188,N/A,ERROR,300.11,0.078,300.188
pipesworld-tankage-nosplit,p30-net3-b20-g8-t70,0.072,1.955,2.044,21,SUCCESS,1.833,0.122,1.955,102.56,N/A,OOM,102.48,0.08,102.56
pipesworld-tankage-nosplit,p31-net4-b14-g3-t20,0.071,0.76,0.848,13,SUCCESS,0.668,0.092,0.76,32.032,9,SUCCESS,31.151,0.881,32.032
pipesworld-tankage-nosplit,p32-net4-b14-g5-t30,0.071,1.278,1.366,13,SUCCESS,1.168,0.11,1.278,93.615,N/A,OOM,93.53,0.085,93.615
pipesworld-tankage-nosplit,p33-net4-b16-g5-t60,0.072,1.661,1.749,17,SUCCESS,1.548,0.113,1.661,71.292,N/A,OOM,71.25,0.042,71.292
pipesworld-tankage-nosplit,p34-net4-b16-g6-t60,0.071,1.823,1.911,16,SUCCESS,1.701,0.122,1.823,73.809,N/A,OOM,73.74,0.069,73.809
pipesworld-tankage-nosplit,p35-net4-b18-g4-t90,0.071,2.393,2.481,13,SUCCESS,2.271,0.122,2.393,91.511,N/A,OOM,91.44,0.071,91.511
pipesworld-tankage-nosplit,p36-net4-b18-g6-t90,0.077,2.334,2.429,17,SUCCESS,2.209,0.125,2.334,91.744,N/A,OOM,91.69,0.054,91.744
pipesworld-tankage-nosplit,p37-net4-b20-g5-t60,0.071,2.8,2.888,12,SUCCESS,2.661,0.139,2.8,101.858,N/A,OOM,101.77,0.088,101.858
pipesworld-tankage-nosplit,p38-net4-b20-g7-t60,0.072,2.845,2.933,12,SUCCESS,2.717,0.128,2.845,96.076,N/A,OOM,95.99,0.086,96.076
pipesworld-tankage-nosplit,p39-net4-b22-g7-t50,0.08,3.725,3.823,15,SUCCESS,3.578,0.147,3.725,88.076,N/A,OOM,88.03,0.046,88.076
pipesworld-tankage-nosplit,p40-net4-b22-g8-t50,0.073,3.682,3.771,17,SUCCESS,3.536,0.146,3.682,300.171,N/A,ERROR,300.12,0.051,300.171
pipesworld-tankage-nosplit,p41-net5-b22-g2-t20,0.071,5.333,5.421,7,SUCCESS,5.177,0.156,5.333,86.674,N/A,OOM,86.60,0.074,86.674
pipesworld-tankage-nosplit,p42-net5-b22-g4-t50,0.074,5.758,5.848,16,SUCCESS,5.596,0.162,5.758,301.147,N/A,ERROR,301.06,0.087,301.147
pipesworld-tankage-nosplit,p43-net5-b24-g3-t80,0.095,6.872,6.983,15,SUCCESS,6.702,0.17,6.872,91.66,N/A,OOM,91.60,0.06,91.66
pipesworld-tankage-nosplit,p44-net5-b24-g5-t80,0.089,7.054,7.161,15,SUCCESS,6.878,0.176,7.054,301.158,N/A,ERROR,301.10,0.058,301.158
pipesworld-tankage-nosplit,p45-net5-b26-g4-t50,0.073,8.536,8.626,15,SUCCESS,8.344,0.192,8.536,300.159,N/A,ERROR,300.10,0.059,300.159
pipesworld-tankage-nosplit,p46-net5-b26-g6-t50,0.089,8.452,8.558,18,SUCCESS,8.263,0.189,8.452,301.171,N/A,ERROR,301.09,0.081,301.171
pipesworld-tankage-nosplit,p47-net5-b28-g5-t50,0.091,10.676,10.784,18,SUCCESS,10.473,0.203,10.676,300.157,N/A,ERROR,300.09,0.067,300.157
pipesworld-tankage-nosplit,p48-net5-b28-g7-t50,0.09,10.492,10.598,20,SUCCESS,10.278,0.214,10.492,300.16,N/A,ERROR,300.10,0.06,300.16
pipesworld-tankage-nosplit,p49-net5-b30-g6-t50,0.089,12.475,12.58,17,SUCCESS,12.252,0.223,12.475,91.76,N/A,OOM,91.68,0.08,91.76
pipesworld-tankage-nosplit,p50-net5-b30-g8-t50,0.088,12.502,12.607,21,SUCCESS,12.282,0.22,12.502,91.801,N/A,OOM,91.71,0.091,91.801
rovers-large-simple/goal-2,p-r1-w1000-o1-1-g2,0.177,5.656,5.849,12,SUCCESS,5.524,0.132,5.656,26.484,10,SUCCESS,26.364,0.12,26.484
rovers-large-simple/goal-2,p-r1-w1500-o1-1-g2,0.267,9.707,9.991,10,SUCCESS,9.53,0.177,9.707,61.861,9,SUCCESS,61.723,0.138,61.861
rovers-large-simple/goal-2,p-r1-w2000-o1-1-g2,0.358,11.86,12.235,12,SUCCESS,11.697,0.163,11.86,100.612,10,SUCCESS,100.466,0.146,100.612
rovers-large-simple/goal-2,p-r1-w2500-o1-1-g2,0.382,18.939,19.337,12,SUCCESS,18.74,0.199,18.939,43.245,N/A,OOM,43.16,0.085,43.245
rovers-large-simple/goal-2,p-r1-w3000-o1-1-g2,0.474,20.863,21.354,9,SUCCESS,20.629,0.234,20.863,45.745,N/A,OOM,45.68,0.065,45.745
rovers-large-simple/goal-2,p-r1-w3500-o1-1-g2,0.519,28.752,29.287,14,SUCCESS,28.48,0.272,28.752,48.214,N/A,OOM,48.14,0.074,48.214
rovers-large-simple/goal-2,p-r1-w4000-o1-1-g2,0.604,29.824,30.445,12,SUCCESS,29.548,0.276,29.824,300.177,N/A,ERROR,300.09,0.087,300.177
rovers-large-simple/goal-2,p-r1-w4500-o1-1-g2,0.703,32.406,33.126,7,SUCCESS,32.077,0.329,32.406,48.617,N/A,OOM,48.55,0.067,48.617
rovers-large-simple/goal-2,p-r1-w5000-o1-1-g2,0.735,33.867,34.619,11,SUCCESS,33.53,0.337,33.867,300.166,N/A,ERROR,300.09,0.076,300.166
rovers-large-simple/goal-2,p-r1-w5500-o1-1-g2,0.828,38.813,39.657,12,SUCCESS,38.49,0.323,38.813,55.375,N/A,OOM,55.31,0.065,55.375
rovers-large-simple/goal-4,p-r1-w1000-o1-1-g4,0.178,5.781,5.976,19,SUCCESS,5.641,0.14,5.781,26.47,17,SUCCESS,26.352,0.118,26.47
rovers-large-simple/goal-4,p-r1-w1500-o1-1-g4,0.267,10.905,11.189,14,SUCCESS,10.727,0.178,10.905,123.007,14,SUCCESS,122.839,0.168,123.007
rovers-large-simple/goal-4,p-r1-w2000-o1-1-g4,0.365,13.14,13.522,20,SUCCESS,12.939,0.201,13.14,108.382,20,SUCCESS,108.219,0.163,108.382
rovers-large-simple/goal-4,p-r1-w2500-o1-1-g4,0.392,16.968,17.376,21,SUCCESS,16.728,0.24,16.968,300.145,N/A,ERROR,300.07,0.075,300.145
rovers-large-simple/goal-4,p-r1-w3000-o1-1-g4,0.472,20.62,21.109,24,SUCCESS,20.348,0.272,20.62,53.674,N/A,OOM,53.60,0.074,53.674
rovers-large-simple/goal-4,p-r1-w3500-o1-1-g4,0.567,26.987,27.571,21,SUCCESS,26.678,0.309,26.987,43.385,N/A,OOM,43.30,0.085,43.385
rovers-large-simple/goal-4,p-r1-w4000-o1-1-g4,0.616,29.043,29.677,21,SUCCESS,28.693,0.35,29.043,301.155,N/A,ERROR,301.06,0.095,301.155
rovers-large-simple/goal-4,p-r1-w4500-o1-1-g4,0.694,30.085,30.796,24,SUCCESS,29.819,0.266,30.085,43.208,N/A,OOM,43.12,0.088,43.208
rovers-large-simple/goal-4,p-r1-w5000-o1-1-g4,0.753,37.762,38.531,24,SUCCESS,37.313,0.449,37.762,52.48,N/A,OOM,52.41,0.07,52.48
rovers-large-simple/goal-4,p-r1-w5500-o1-1-g4,0.846,47.805,48.668,22,SUCCESS,47.331,0.474,47.805,301.149,N/A,ERROR,301.07,0.079,301.149
rovers-large-simple/goal-6,p-r1-w1000-o1-1-g6,0.183,5.944,6.143,28,SUCCESS,5.802,0.142,5.944,27.22,25,SUCCESS,27.09,0.13,27.22
rovers-large-simple/goal-6,p-r1-w1500-o1-1-g6,0.266,10.953,11.236,29,SUCCESS,10.773,0.18,10.953,115.286,27,SUCCESS,115.149,0.137,115.286
rovers-large-simple/goal-6,p-r1-w2000-o1-1-g6,0.35,12.468,12.835,32,SUCCESS,12.284,0.184,12.468,107.714,29,SUCCESS,107.566,0.148,107.714
rovers-large-simple/goal-6,p-r1-w2500-o1-1-g6,0.387,18.801,19.204,34,SUCCESS,18.558,0.243,18.801,300.135,N/A,ERROR,300.09,0.045,300.135
rovers-large-simple/goal-6,p-r1-w3000-o1-1-g6,0.477,21.143,21.636,24,SUCCESS,20.861,0.282,21.143,54.556,N/A,OOM,54.46,0.096,54.556
rovers-large-simple/goal-6,p-r1-w3500-o1-1-g6,0.509,22.798,23.324,32,SUCCESS,22.529,0.269,22.798,42.666,N/A,OOM,42.62,0.046,42.666
rovers-large-simple/goal-6,p-r1-w4000-o1-1-g6,0.596,26.576,27.189,30,SUCCESS,26.31,0.266,26.576,53.018,N/A,OOM,52.93,0.088,53.018
rovers-large-simple/goal-6,p-r1-w4500-o1-1-g6,0.699,30.782,31.498,30,SUCCESS,30.441,0.341,30.782,44.65,N/A,OOM,44.59,0.06,44.65
rovers-large-simple/goal-6,p-r1-w5000-o1-1-g6,0.808,38.034,38.859,32,SUCCESS,37.583,0.451,38.034,300.158,N/A,ERROR,300.08,0.078,300.158
rovers-large-simple/goal-6,p-r1-w5500-o1-1-g6,0.771,45.86,46.648,29,SUCCESS,45.463,0.397,45.86,300.144,N/A,ERROR,300.11,0.034,300.144
rovers-large-simple/goal-8,p-r1-w1000-o1-1-g8,0.177,6.6,6.794,34,SUCCESS,6.465,0.135,6.6,52.445,32,SUCCESS,52.338,0.107,52.445
rovers-large-simple/goal-8,p-r1-w1500-o1-1-g8,0.267,11.098,11.382,40,SUCCESS,10.907,0.191,11.098,115.941,37,SUCCESS,115.808,0.133,115.941
rovers-large-simple/goal-8,p-r1-w2000-o1-1-g8,0.362,12.494,12.873,42,SUCCESS,12.287,0.207,12.494,107.585,41,SUCCESS,107.428,0.157,107.585
rovers-large-simple/goal-8,p-r1-w2500-o1-1-g8,0.387,18.863,19.269,44,SUCCESS,18.621,0.242,18.863,43.39,N/A,OOM,43.32,0.07,43.39
rovers-large-simple/goal-8,p-r1-w3000-o1-1-g8,0.481,21.197,21.694,34,SUCCESS,20.89,0.307,21.197,300.154,N/A,ERROR,300.09,0.064,300.154
rovers-large-simple/goal-8,p-r1-w3500-o1-1-g8,0.516,22.471,23.005,43,SUCCESS,22.189,0.282,22.471,43.786,N/A,OOM,43.70,0.086,43.786
rovers-large-simple/goal-8,p-r1-w4000-o1-1-g8,0.602,26.936,27.555,41,SUCCESS,26.659,0.277,26.936,300.144,N/A,ERROR,300.09,0.054,300.144
rovers-large-simple/goal-8,p-r1-w4500-o1-1-g8,0.705,30.998,31.72,40,SUCCESS,30.642,0.356,30.998,300.15,N/A,ERROR,300.08,0.07,300.15
rovers-large-simple/goal-8,p-r1-w5000-o1-1-g8,0.743,39.582,40.342,44,SUCCESS,39.174,0.408,39.582,43.719,N/A,OOM,43.65,0.069,43.719
rovers-large-simple/goal-8,p-r1-w5500-o1-1-g8,0.832,45.715,46.564,38,SUCCESS,45.305,0.41,45.715,54.033,N/A,OOM,53.96,0.073,54.033
visitall-multidimensional/3-dim-visitall-CLOSE-g1,p0,0.054,0.257,0.328,3,SUCCESS,0.172,0.085,0.257,0.147,3,SUCCESS,0.063,0.084,0.147
visitall-multidimensional/3-dim-visitall-CLOSE-g1,p1,0.056,3.939,4.012,4,SUCCESS,3.788,0.151,3.939,0.93,4,SUCCESS,0.824,0.106,0.93
visitall-multidimensional/3-dim-visitall-CLOSE-g1,p2,0.056,31.074,31.146,5,SUCCESS,30.751,0.323,31.074,5.215,5,SUCCESS,5.049,0.166,5.215
visitall-multidimensional/3-dim-visitall-CLOSE-g1,p3,0.056,162.085,162.157,7,SUCCESS,161.367,0.718,162.085,21.551,7,SUCCESS,21.248,0.303,21.551
visitall-multidimensional/3-dim-visitall-CLOSE-g1,p4,0.057,299.06,299.134,N/A,TIMEOUT,298.98,0.08,299.06,70.939,11,SUCCESS,70.408,0.531,70.939
visitall-multidimensional/3-dim-visitall-CLOSE-g1,p5,0.058,299.094,299.169,N/A,TIMEOUT,299.02,0.074,299.094,194.846,3,SUCCESS,194.016,0.83,194.846
visitall-multidimensional/3-dim-visitall-CLOSE-g1,p6,0.058,299.111,299.186,N/A,TIMEOUT,299.04,0.071,299.111,300.077,N/A,TIMEOUT,299.97,0.107,300.077
visitall-multidimensional/3-dim-visitall-CLOSE-g1,p7,0.059,299.158,299.234,N/A,TIMEOUT,299.05,0.108,299.158,299.084,N/A,TIMEOUT,299.00,0.084,299.084
visitall-multidimensional/3-dim-visitall-CLOSE-g1,p8,0.057,122.74,122.813,N/A,OOM,N/A,N/A,122.74,299.096,N/A,TIMEOUT,299.01,0.086,299.096
visitall-multidimensional/3-dim-visitall-CLOSE-g1,p9,0.06,116.092,116.17,N/A,OOM,N/A,N/A,116.092,299.116,N/A,TIMEOUT,299.05,0.066,299.116
visitall-multidimensional/3-dim-visitall-CLOSE-g2,p0,0.055,0.271,0.342,4,SUCCESS,0.179,0.092,0.271,0.146,4,SUCCESS,0.063,0.083,0.146
visitall-multidimensional/3-dim-visitall-CLOSE-g2,p1,0.057,3.899,3.974,5,SUCCESS,3.75,0.149,3.899,0.966,5,SUCCESS,0.859,0.107,0.966
visitall-multidimensional/3-dim-visitall-CLOSE-g2,p2,0.063,31.088,31.168,11,SUCCESS,30.737,0.351,31.088,5.371,11,SUCCESS,5.202,0.169,5.371
visitall-multidimensional/3-dim-visitall-CLOSE-g2,p3,0.057,162.081,162.155,13,SUCCESS,161.326,0.755,162.081,21.709,13,SUCCESS,21.4,0.309,21.709
visitall-multidimensional/3-dim-visitall-CLOSE-g2,p4,0.058,299.059,299.135,N/A,TIMEOUT,298.97,0.089,299.059,71.156,15,SUCCESS,70.615,0.541,71.156
visitall-multidimensional/3-dim-visitall-CLOSE-g2,p5,0.058,300.068,300.143,N/A,TIMEOUT,300.01,0.058,300.068,194.915,9,SUCCESS,194.04,0.875,194.915
visitall-multidimensional/3-dim-visitall-CLOSE-g2,p6,0.058,299.104,299.179,N/A,TIMEOUT,299.03,0.074,299.104,299.083,N/A,TIMEOUT,298.96,0.123,299.083
visitall-multidimensional/3-dim-visitall-CLOSE-g2,p7,0.059,299.154,299.229,N/A,TIMEOUT,299.07,0.084,299.154,299.077,N/A,TIMEOUT,299.00,0.077,299.077
visitall-multidimensional/3-dim-visitall-CLOSE-g2,p8,0.059,125.357,125.433,N/A,OOM,N/A,N/A,125.357,300.127,N/A,TIMEOUT,300.05,0.077,300.127
visitall-multidimensional/3-dim-visitall-CLOSE-g2,p9,0.06,133.277,133.354,N/A,OOM,N/A,N/A,133.277,299.125,N/A,TIMEOUT,299.04,0.085,299.125
visitall-multidimensional/3-dim-visitall-CLOSE-g3,p0,0.054,0.265,0.336,5,SUCCESS,0.178,0.087,0.265,0.146,6,SUCCESS,0.062,0.084,0.146
visitall-multidimensional/3-dim-visitall-CLOSE-g3,p1,0.057,3.952,4.026,9,SUCCESS,3.789,0.163,3.952,0.954,10,SUCCESS,0.845,0.109,0.954
visitall-multidimensional/3-dim-visitall-CLOSE-g3,p2,0.056,30.708,30.782,15,SUCCESS,30.372,0.336,30.708,5.32,15,SUCCESS,5.146,0.174,5.32
visitall-multidimensional/3-dim-visitall-CLOSE-g3,p3,0.056,161.416,161.489,18,SUCCESS,160.601,0.815,161.416,21.783,18,SUCCESS,21.469,0.314,21.783
visitall-multidimensional/3-dim-visitall-CLOSE-g3,p4,0.059,299.068,299.143,N/A,TIMEOUT,298.97,0.098,299.068,73.506,17,SUCCESS,72.936,0.57,73.506
visitall-multidimensional/3-dim-visitall-CLOSE-g3,p5,0.059,299.082,299.158,N/A,TIMEOUT,299.01,0.072,299.082,195.346,11,SUCCESS,194.464,0.882,195.346
visitall-multidimensional/3-dim-visitall-CLOSE-g3,p6,0.06,300.101,300.177,N/A,TIMEOUT,300.01,0.091,300.101,300.08,N/A,TIMEOUT,299.94,0.14,300.08
visitall-multidimensional/3-dim-visitall-CLOSE-g3,p7,0.058,299.145,299.219,N/A,TIMEOUT,299.05,0.095,299.145,299.09,N/A,TIMEOUT,299.00,0.09,299.09
visitall-multidimensional/3-dim-visitall-CLOSE-g3,p8,0.061,123.773,123.851,N/A,OOM,N/A,N/A,123.773,299.096,N/A,TIMEOUT,299.02,0.076,299.096
visitall-multidimensional/3-dim-visitall-CLOSE-g3,p9,0.06,113.827,113.904,N/A,OOM,N/A,N/A,113.827,299.103,N/A,TIMEOUT,299.02,0.083,299.103
visitall-multidimensional/3-dim-visitall-FAR-g1,p0,0.056,0.266,0.339,15,SUCCESS,0.18,0.086,0.266,0.145,15,SUCCESS,0.062,0.083,0.145
visitall-multidimensional/3-dim-visitall-FAR-g1,p1,0.057,3.876,3.95,31,SUCCESS,3.715,0.161,3.876,0.904,31,SUCCESS,0.791,0.113,0.904
visitall-multidimensional/3-dim-visitall-FAR-g1,p2,0.057,30.793,30.867,50,SUCCESS,30.392,0.401,30.793,5.198,50,SUCCESS,5.017,0.181,5.198
visitall-multidimensional/3-dim-visitall-FAR-g1,p3,0.056,162.511,162.584,54,SUCCESS,161.332,1.179,162.511,21.682,54,SUCCESS,21.332,0.35,21.682
visitall-multidimensional/3-dim-visitall-FAR-g1,p4,0.057,299.063,299.137,N/A,TIMEOUT,298.96,0.103,299.063,71.111,79,SUCCESS,70.355,0.756,71.111
visitall-multidimensional/3-dim-visitall-FAR-g1,p5,0.059,299.077,299.152,N/A,TIMEOUT,299.00,0.077,299.077,196.123,97,SUCCESS,194.441,1.682,196.123
visitall-multidimensional/3-dim-visitall-FAR-g1,p6,0.059,299.108,299.184,N/A,TIMEOUT,299.04,0.068,299.108,299.071,N/A,TIMEOUT,298.97,0.101,299.071
visitall-multidimensional/3-dim-visitall-FAR-g1,p7,0.064,299.133,299.214,N/A,TIMEOUT,299.04,0.093,299.133,299.084,N/A,TIMEOUT,299.01,0.074,299.084
visitall-multidimensional/3-dim-visitall-FAR-g1,p8,0.058,124.856,124.93,N/A,OOM,N/A,N/A,124.856,299.108,N/A,TIMEOUT,299.05,0.058,299.108
visitall-multidimensional/3-dim-visitall-FAR-g1,p9,0.059,115.766,115.842,N/A,OOM,N/A,N/A,115.766,299.132,N/A,TIMEOUT,299.08,0.052,299.132
visitall-multidimensional/3-dim-visitall-FAR-g2,p0,0.055,0.262,0.335,16,SUCCESS,0.176,0.086,0.262,0.149,15,SUCCESS,0.063,0.086,0.149
visitall-multidimensional/3-dim-visitall-FAR-g2,p1,0.056,3.951,4.023,34,SUCCESS,3.786,0.165,3.951,0.942,33,SUCCESS,0.831,0.111,0.942
visitall-multidimensional/3-dim-visitall-FAR-g2,p2,0.056,30.907,30.98,49,SUCCESS,30.511,0.396,30.907,5.343,49,SUCCESS,5.163,0.18,5.343
visitall-multidimensional/3-dim-visitall-FAR-g2,p3,0.055,159.656,159.729,70,SUCCESS,158.373,1.283,159.656,21.552,69,SUCCESS,21.198,0.354,21.552
visitall-multidimensional/3-dim-visitall-FAR-g2,p4,0.059,299.063,299.139,N/A,TIMEOUT,298.97,0.093,299.063,71.184,70,SUCCESS,70.484,0.7,71.184
visitall-multidimensional/3-dim-visitall-FAR-g2,p5,0.059,299.079,299.155,N/A,TIMEOUT,299.01,0.069,299.079,196.056,103,SUCCESS,194.287,1.769,196.056
visitall-multidimensional/3-dim-visitall-FAR-g2,p6,0.059,299.123,299.199,N/A,TIMEOUT,299.05,0.073,299.123,299.069,N/A,TIMEOUT,298.95,0.119,299.069
visitall-multidimensional/3-dim-visitall-FAR-g2,p7,0.058,299.149,299.224,N/A,TIMEOUT,299.03,0.119,299.149,300.089,N/A,TIMEOUT,300.00,0.089,300.089
visitall-multidimensional/3-dim-visitall-FAR-g2,p8,0.063,126.03,126.111,N/A,OOM,N/A,N/A,126.03,299.097,N/A,TIMEOUT,299.03,0.067,299.097
visitall-multidimensional/3-dim-visitall-FAR-g2,p9,0.061,116.398,116.475,N/A,OOM,N/A,N/A,116.398,299.11,N/A,TIMEOUT,299.02,0.09,299.11
visitall-multidimensional/3-dim-visitall-FAR-g3,p0,0.056,0.258,0.333,17,SUCCESS,0.173,0.085,0.258,0.145,15,SUCCESS,0.063,0.082,0.145
visitall-multidimensional/3-dim-visitall-FAR-g3,p1,0.058,4.013,4.088,36,SUCCESS,3.85,0.163,4.013,0.95,36,SUCCESS,0.842,0.108,0.95
visitall-multidimensional/3-dim-visitall-FAR-g3,p2,0.057,30.799,30.873,50,SUCCESS,30.392,0.407,30.799,5.361,50,SUCCESS,5.173,0.188,5.361
visitall-multidimensional/3-dim-visitall-FAR-g3,p3,0.057,161.054,161.128,71,SUCCESS,159.771,1.283,161.054,21.753,71,SUCCESS,21.387,0.366,21.753
visitall-multidimensional/3-dim-visitall-FAR-g3,p4,0.058,299.065,299.14,N/A,TIMEOUT,298.99,0.075,299.065,70.936,88,SUCCESS,70.17,0.766,70.936
visitall-multidimensional/3-dim-visitall-FAR-g3,p5,0.057,299.084,299.158,N/A,TIMEOUT,299.00,0.084,299.084,196.058,107,SUCCESS,194.295,1.763,196.058
visitall-multidimensional/3-dim-visitall-FAR-g3,p6,0.058,299.101,299.175,N/A,TIMEOUT,299.02,0.081,299.101,299.085,N/A,TIMEOUT,298.96,0.125,299.085
visitall-multidimensional/3-dim-visitall-FAR-g3,p7,0.06,300.147,300.224,N/A,TIMEOUT,300.07,0.077,300.147,299.086,N/A,TIMEOUT,299.00,0.086,299.086
visitall-multidimensional/3-dim-visitall-FAR-g3,p8,0.059,123.758,123.834,N/A,OOM,N/A,N/A,123.758,299.101,N/A,TIMEOUT,299.03,0.071,299.101
visitall-multidimensional/3-dim-visitall-FAR-g3,p9,0.058,115.532,115.608,N/A,OOM,N/A,N/A,115.532,299.139,N/A,TIMEOUT,299.08,0.059,299.139
visitall-multidimensional/4-dim-visitall-CLOSE-g1,p0,0.058,5.506,5.58,4,SUCCESS,5.343,0.163,5.506,0.774,4,SUCCESS,0.671,0.103,0.774
visitall-multidimensional/4-dim-visitall-CLOSE-g1,p1,0.059,240.321,240.398,5,SUCCESS,239.483,0.838,240.321,15.876,5,SUCCESS,15.61,0.266,15.876
visitall-multidimensional/4-dim-visitall-CLOSE-g1,p2,0.057,299.106,299.18,N/A,TIMEOUT,299.02,0.086,299.106,171.41,7,SUCCESS,170.513,0.897,171.41
visitall-multidimensional/4-dim-visitall-CLOSE-g1,p3,0.056,117.055,117.128,N/A,OOM,N/A,N/A,117.055,299.088,N/A,TIMEOUT,299.01,0.078,299.088
visitall-multidimensional/4-dim-visitall-CLOSE-g1,p4,0.063,61.787,61.867,N/A,OOM,N/A,N/A,61.787,299.181,N/A,TIMEOUT,299.11,0.071,299.181
visitall-multidimensional/4-dim-visitall-CLOSE-g1,p5,0.06,62.639,62.716,N/A,OOM,N/A,N/A,62.639,78.948,N/A,OOM,78.86,0.088,78.948
visitall-multidimensional/4-dim-visitall-CLOSE-g1,p6,0.061,63.113,63.191,N/A,OOM,N/A,N/A,63.113,98.045,N/A,OOM,97.99,0.055,98.045
visitall-multidimensional/4-dim-visitall-CLOSE-g1,p7,0.058,64.742,64.817,N/A,OOM,N/A,N/A,64.742,66.992,N/A,OOM,66.90,0.092,66.992
visitall-multidimensional/4-dim-visitall-CLOSE-g1,p8,0.067,63.905,63.989,N/A,OOM,N/A,N/A,63.905,300.184,N/A,ERROR,300.12,0.064,300.184
visitall-multidimensional/4-dim-visitall-CLOSE-g1,p9,0.059,63.998,64.073,N/A,OOM,N/A,N/A,63.998,67.294,N/A,OOM,67.21,0.084,67.294
visitall-multidimensional/4-dim-visitall-CLOSE-g2,p0,0.062,5.634,5.712,5,SUCCESS,5.46,0.174,5.634,0.783,5,SUCCESS,0.678,0.105,0.783
visitall-multidimensional/4-dim-visitall-CLOSE-g2,p1,0.058,243.436,243.511,4,SUCCESS,242.605,0.831,243.436,15.923,4,SUCCESS,15.658,0.265,15.923
visitall-multidimensional/4-dim-visitall-CLOSE-g2,p2,0.059,299.112,299.187,N/A,TIMEOUT,299.03,0.082,299.112,169.665,6,SUCCESS,168.787,0.878,169.665
visitall-multidimensional/4-dim-visitall-CLOSE-g2,p3,0.06,116.787,116.867,N/A,OOM,N/A,N/A,116.787,299.09,N/A,TIMEOUT,299.01,0.08,299.09
visitall-multidimensional/4-dim-visitall-CLOSE-g2,p4,0.058,61.242,61.318,N/A,OOM,N/A,N/A,61.242,299.222,N/A,TIMEOUT,299.15,0.072,299.222
visitall-multidimensional/4-dim-visitall-CLOSE-g2,p5,0.057,62.556,62.63,N/A,OOM,N/A,N/A,62.556,77.996,N/A,OOM,77.91,0.086,77.996
visitall-multidimensional/4-dim-visitall-CLOSE-g2,p6,0.058,63.062,63.137,N/A,OOM,N/A,N/A,63.062,82.55,N/A,OOM,82.48,0.07,82.55
visitall-multidimensional/4-dim-visitall-CLOSE-g2,p7,0.069,64.407,64.494,N/A,OOM,N/A,N/A,64.407,67.119,N/A,OOM,67.05,0.069,67.119
visitall-multidimensional/4-dim-visitall-CLOSE-g2,p8,0.057,63.166,63.24,N/A,OOM,N/A,N/A,63.166,300.169,N/A,ERROR,300.10,0.069,300.169
visitall-multidimensional/4-dim-visitall-CLOSE-g2,p9,0.058,62.982,63.057,N/A,OOM,N/A,N/A,62.982,65.777,N/A,OOM,65.70,0.077,65.777
visitall-multidimensional/4-dim-visitall-CLOSE-g3,p0,0.057,5.421,5.495,7,SUCCESS,5.256,0.165,5.421,0.787,7,SUCCESS,0.684,0.103,0.787
visitall-multidimensional/4-dim-visitall-CLOSE-g3,p1,0.06,242.974,243.051,10,SUCCESS,242.026,0.948,242.974,16.012,10,SUCCESS,15.734,0.278,16.012
visitall-multidimensional/4-dim-visitall-CLOSE-g3,p2,0.06,299.107,299.183,N/A,TIMEOUT,299.05,0.057,299.107,171.31,13,SUCCESS,170.379,0.931,171.31
visitall-multidimensional/4-dim-visitall-CLOSE-g3,p3,0.059,117.365,117.441,N/A,OOM,N/A,N/A,117.365,300.081,N/A,TIMEOUT,300.03,0.051,300.081
visitall-multidimensional/4-dim-visitall-CLOSE-g3,p4,0.06,62.185,62.263,N/A,OOM,N/A,N/A,62.185,299.154,N/A,TIMEOUT,299.07,0.084,299.154
visitall-multidimensional/4-dim-visitall-CLOSE-g3,p5,0.059,63.217,63.293,N/A,OOM,N/A,N/A,63.217,93.278,N/A,OOM,93.18,0.098,93.278
visitall-multidimensional/4-dim-visitall-CLOSE-g3,p6,0.065,63.741,63.822,N/A,OOM,N/A,N/A,63.741,98.012,N/A,OOM,97.93,0.082,98.012
visitall-multidimensional/4-dim-visitall-CLOSE-g3,p7,0.058,63.989,64.064,N/A,OOM,N/A,N/A,63.989,66.901,N/A,OOM,66.83,0.071,66.901
visitall-multidimensional/4-dim-visitall-CLOSE-g3,p8,0.064,63.415,63.496,N/A,OOM,N/A,N/A,63.415,66.031,N/A,OOM,65.95,0.081,66.031
visitall-multidimensional/4-dim-visitall-CLOSE-g3,p9,0.059,63.05,63.127,N/A,OOM,N/A,N/A,63.05,65.685,N/A,OOM,65.59,0.095,65.685
visitall-multidimensional/4-dim-visitall-FAR-g1,p0,0.057,5.52,5.594,19,SUCCESS,5.346,0.174,5.52,0.787,19,SUCCESS,0.684,0.103,0.787
visitall-multidimensional/4-dim-visitall-FAR-g1,p1,0.06,245.511,245.588,28,SUCCESS,244.283,1.228,245.511,15.925,28,SUCCESS,15.636,0.289,15.925
visitall-multidimensional/4-dim-visitall-FAR-g1,p2,0.058,299.108,299.183,N/A,TIMEOUT,299.03,0.078,299.108,170.405,50,SUCCESS,169.153,1.252,170.405
visitall-multidimensional/4-dim-visitall-FAR-g1,p3,0.059,117.661,117.737,N/A,OOM,N/A,N/A,117.661,299.109,N/A,TIMEOUT,299.02,0.089,299.109
visitall-multidimensional/4-dim-visitall-FAR-g1,p4,0.057,61.494,61.568,N/A,OOM,N/A,N/A,61.494,299.154,N/A,TIMEOUT,299.06,0.094,299.154
visitall-multidimensional/4-dim-visitall-FAR-g1,p5,0.06,300.157,300.234,N/A,ERROR,300.08,0.077,300.157,79.133,N/A,OOM,79.09,0.043,79.133
visitall-multidimensional/4-dim-visitall-FAR-g1,p6,0.058,63.466,63.541,N/A,OOM,N/A,N/A,63.466,96.923,N/A,OOM,96.86,0.063,96.923
visitall-multidimensional/4-dim-visitall-FAR-g1,p7,0.059,62.62,62.696,N/A,OOM,N/A,N/A,62.62,65.812,N/A,OOM,65.75,0.062,65.812
visitall-multidimensional/4-dim-visitall-FAR-g1,p8,0.06,63.208,63.285,N/A,OOM,N/A,N/A,63.208,300.146,N/A,ERROR,300.08,0.066,300.146
visitall-multidimensional/4-dim-visitall-FAR-g1,p9,0.059,62.848,62.924,N/A,OOM,N/A,N/A,62.848,65.583,N/A,OOM,65.53,0.053,65.583
visitall-multidimensional/4-dim-visitall-FAR-g2,p0,0.059,5.576,5.652,20,SUCCESS,5.396,0.18,5.576,0.784,20,SUCCESS,0.678,0.106,0.784
visitall-multidimensional/4-dim-visitall-FAR-g2,p1,0.06,241.774,241.851,37,SUCCESS,240.359,1.415,241.774,16.057,36,SUCCESS,15.754,0.303,16.057
visitall-multidimensional/4-dim-visitall-FAR-g2,p2,0.058,299.107,299.182,N/A,TIMEOUT,299.02,0.087,299.107,171.851,52,SUCCESS,170.603,1.248,171.851
visitall-multidimensional/4-dim-visitall-FAR-g2,p3,0.063,117.124,117.205,N/A,OOM,N/A,N/A,117.124,299.104,N/A,TIMEOUT,299.00,0.104,299.104
visitall-multidimensional/4-dim-visitall-FAR-g2,p4,0.058,62.147,62.223,N/A,OOM,N/A,N/A,62.147,300.156,N/A,TIMEOUT,300.08,0.076,300.156
visitall-multidimensional/4-dim-visitall-FAR-g2,p5,0.06,62.625,62.703,N/A,OOM,N/A,N/A,62.625,78.925,N/A,OOM,78.84,0.085,78.925
visitall-multidimensional/4-dim-visitall-FAR-g2,p6,0.059,300.146,300.222,N/A,ERROR,300.07,0.076,300.146,97.786,N/A,OOM,97.72,0.066,97.786
visitall-multidimensional/4-dim-visitall-FAR-g2,p7,0.064,63.754,63.835,N/A,OOM,N/A,N/A,63.754,300.177,N/A,ERROR,300.12,0.057,300.177
visitall-multidimensional/4-dim-visitall-FAR-g2,p8,0.058,63.099,63.174,N/A,OOM,N/A,N/A,63.099,65.645,N/A,OOM,65.56,0.085,65.645
visitall-multidimensional/4-dim-visitall-FAR-g2,p9,0.058,63.934,64.009,N/A,OOM,N/A,N/A,63.934,66.4,N/A,OOM,66.32,0.08,66.4
visitall-multidimensional/4-dim-visitall-FAR-g3,p0,0.057,5.409,5.484,21,SUCCESS,5.222,0.187,5.409,0.783,21,SUCCESS,0.678,0.105,0.783
visitall-multidimensional/4-dim-visitall-FAR-g3,p1,0.058,243.451,243.526,37,SUCCESS,242.091,1.36,243.451,15.987,37,SUCCESS,15.69,0.297,15.987
visitall-multidimensional/4-dim-visitall-FAR-g3,p2,0.059,300.098,300.174,N/A,TIMEOUT,300.03,0.068,300.098,171.454,52,SUCCESS,170.195,1.259,171.454
visitall-multidimensional/4-dim-visitall-FAR-g3,p3,0.059,117.26,117.336,N/A,OOM,N/A,N/A,117.26,299.105,N/A,TIMEOUT,299.03,0.075,299.105
visitall-multidimensional/4-dim-visitall-FAR-g3,p4,0.059,61.883,61.958,N/A,OOM,N/A,N/A,61.883,299.141,N/A,TIMEOUT,299.06,0.081,299.141
visitall-multidimensional/4-dim-visitall-FAR-g3,p5,0.059,63.318,63.394,N/A,OOM,N/A,N/A,63.318,91.455,N/A,OOM,91.35,0.105,91.455
visitall-multidimensional/4-dim-visitall-FAR-g3,p6,0.059,63.187,63.264,N/A,OOM,N/A,N/A,63.187,96.291,N/A,OOM,96.20,0.091,96.291
visitall-multidimensional/4-dim-visitall-FAR-g3,p7,0.058,62.499,62.574,N/A,OOM,N/A,N/A,62.499,65.116,N/A,OOM,65.02,0.096,65.116
visitall-multidimensional/4-dim-visitall-FAR-g3,p8,0.058,62.558,62.632,N/A,OOM,N/A,N/A,62.558,65.53,N/A,OOM,65.44,0.09,65.53
visitall-multidimensional/4-dim-visitall-FAR-g3,p9,0.058,63.03,63.104,N/A,OOM,N/A,N/A,63.03,65.847,N/A,OOM,65.78,0.067,65.847
visitall-multidimensional/5-dim-visitall-CLOSE-g1,p0,0.057,299.052,299.126,N/A,TIMEOUT,298.97,0.082,299.052,12.333,4,SUCCESS,12.079,0.254,12.333
visitall-multidimensional/5-dim-visitall-CLOSE-g1,p1,0.06,300.136,300.213,N/A,TIMEOUT,300.03,0.106,300.136,146.072,3,SUCCESS,145.208,0.864,146.072
visitall-multidimensional/5-dim-visitall-CLOSE-g1,p2,0.06,79.479,79.556,N/A,OOM,N/A,N/A,79.479,299.091,N/A,TIMEOUT,299.00,0.091,299.091
visitall-multidimensional/5-dim-visitall-CLOSE-g1,p3,0.058,53.425,53.499,N/A,OOM,N/A,N/A,53.425,104.549,N/A,OOM,104.45,0.099,104.549
visitall-multidimensional/5-dim-visitall-CLOSE-g1,p4,0.059,53.408,53.483,N/A,OOM,N/A,N/A,53.408,80.08,N/A,OOM,79.99,0.09,80.08
visitall-multidimensional/5-dim-visitall-CLOSE-g1,p5,0.057,300.177,300.25,N/A,ERROR,300.09,0.087,300.177,63.028,N/A,OOM,62.98,0.048,63.028
visitall-multidimensional/5-dim-visitall-CLOSE-g1,p6,0.059,54.809,54.884,N/A,OOM,N/A,N/A,54.809,63.644,N/A,OOM,63.58,0.064,63.644
visitall-multidimensional/5-dim-visitall-CLOSE-g1,p7,0.065,55.611,55.693,N/A,OOM,N/A,N/A,55.611,58.956,N/A,OOM,58.87,0.086,58.956
visitall-multidimensional/5-dim-visitall-CLOSE-g1,p8,0.059,57.279,57.355,N/A,OOM,N/A,N/A,57.279,62.605,N/A,OOM,62.45,0.155,62.605
visitall-multidimensional/5-dim-visitall-CLOSE-g1,p9,0.064,55.52,55.601,N/A,OOM,N/A,N/A,55.52,63.026,N/A,OOM,62.94,0.086,63.026
visitall-multidimensional/5-dim-visitall-CLOSE-g2,p0,0.058,299.065,299.139,N/A,TIMEOUT,298.97,0.095,299.065,12.26,5,SUCCESS,12.008,0.252,12.26
visitall-multidimensional/5-dim-visitall-CLOSE-g2,p1,0.058,300.124,300.199,N/A,TIMEOUT,300.04,0.084,300.124,146.075,7,SUCCESS,145.189,0.886,146.075
visitall-multidimensional/5-dim-visitall-CLOSE-g2,p2,0.059,79.905,79.981,N/A,OOM,N/A,N/A,79.905,299.083,N/A,TIMEOUT,299.02,0.063,299.083
visitall-multidimensional/5-dim-visitall-CLOSE-g2,p3,0.064,53.585,53.665,N/A,OOM,N/A,N/A,53.585,126.39,N/A,OOM,126.30,0.09,126.39
visitall-multidimensional/5-dim-visitall-CLOSE-g2,p4,0.065,54.506,54.588,N/A,OOM,N/A,N/A,54.506,81.091,N/A,OOM,80.99,0.101,81.091
visitall-multidimensional/5-dim-visitall-CLOSE-g2,p5,0.057,55.395,55.469,N/A,OOM,N/A,N/A,55.395,64.506,N/A,OOM,64.41,0.096,64.506
visitall-multidimensional/5-dim-visitall-CLOSE-g2,p6,0.058,56.615,56.69,N/A,OOM,N/A,N/A,56.615,64.556,N/A,OOM,64.47,0.086,64.556
visitall-multidimensional/5-dim-visitall-CLOSE-g2,p7,0.059,57.072,57.147,N/A,OOM,N/A,N/A,57.072,59.848,N/A,OOM,59.79,0.058,59.848
visitall-multidimensional/5-dim-visitall-CLOSE-g2,p8,0.059,57.607,57.683,N/A,OOM,N/A,N/A,57.607,64.629,N/A,OOM,64.57,0.059,64.629
visitall-multidimensional/5-dim-visitall-CLOSE-g2,p9,0.063,57.303,57.383,N/A,OOM,N/A,N/A,57.303,63.94,N/A,OOM,63.83,0.11,63.94
visitall-multidimensional/5-dim-visitall-CLOSE-g3,p0,0.057,299.077,299.151,N/A,TIMEOUT,298.98,0.097,299.077,12.31,7,SUCCESS,12.06,0.25,12.31
visitall-multidimensional/5-dim-visitall-CLOSE-g3,p1,0.06,299.121,299.199,N/A,TIMEOUT,299.02,0.101,299.121,146.185,7,SUCCESS,145.297,0.888,146.185
visitall-multidimensional/5-dim-visitall-CLOSE-g3,p2,0.059,79.074,79.15,N/A,OOM,N/A,N/A,79.074,299.104,N/A,TIMEOUT,299.06,0.044,299.104
visitall-multidimensional/5-dim-visitall-CLOSE-g3,p3,0.059,52.516,52.593,N/A,OOM,N/A,N/A,52.516,105.3,N/A,OOM,105.21,0.09,105.3
visitall-multidimensional/5-dim-visitall-CLOSE-g3,p4,0.062,53.64,53.72,N/A,OOM,N/A,N/A,53.64,301.193,N/A,ERROR,301.09,0.103,301.193
visitall-multidimensional/5-dim-visitall-CLOSE-g3,p5,0.059,54.12,54.197,N/A,OOM,N/A,N/A,54.12,62.835,N/A,OOM,62.77,0.065,62.835
visitall-multidimensional/5-dim-visitall-CLOSE-g3,p6,0.058,54.759,54.834,N/A,OOM,N/A,N/A,54.759,62.149,N/A,OOM,62.07,0.079,62.149
visitall-multidimensional/5-dim-visitall-CLOSE-g3,p7,0.059,55.726,55.802,N/A,OOM,N/A,N/A,55.726,59.723,N/A,OOM,59.66,0.063,59.723
visitall-multidimensional/5-dim-visitall-CLOSE-g3,p8,0.058,55.297,55.372,N/A,OOM,N/A,N/A,55.297,64.027,N/A,OOM,63.96,0.067,64.027
visitall-multidimensional/5-dim-visitall-CLOSE-g3,p9,0.059,56.817,56.894,N/A,OOM,N/A,N/A,56.817,64.07,N/A,OOM,63.95,0.12,64.07
visitall-multidimensional/5-dim-visitall-FAR-g1,p0,0.057,299.07,299.145,N/A,TIMEOUT,298.98,0.09,299.07,12.271,24,SUCCESS,12.009,0.262,12.271
visitall-multidimensional/5-dim-visitall-FAR-g1,p1,0.059,299.137,299.213,N/A,TIMEOUT,299.05,0.087,299.137,146.012,35,SUCCESS,144.884,1.128,146.012
visitall-multidimensional/5-dim-visitall-FAR-g1,p2,0.058,79.966,80.042,N/A,OOM,N/A,N/A,79.966,299.126,N/A,TIMEOUT,299.02,0.106,299.126
visitall-multidimensional/5-dim-visitall-FAR-g1,p3,0.059,53.239,53.315,N/A,OOM,N/A,N/A,53.239,126.191,N/A,OOM,126.12,0.071,126.191
visitall-multidimensional/5-dim-visitall-FAR-g1,p4,0.059,53.781,53.857,N/A,OOM,N/A,N/A,53.781,300.222,N/A,ERROR,300.15,0.072,300.222
visitall-multidimensional/5-dim-visitall-FAR-g1,p5,0.06,55.555,55.632,N/A,OOM,N/A,N/A,55.555,58.223,N/A,OOM,58.13,0.093,58.223
visitall-multidimensional/5-dim-visitall-FAR-g1,p6,0.067,55.164,55.254,N/A,OOM,N/A,N/A,55.164,62.958,N/A,OOM,62.91,0.048,62.958
visitall-multidimensional/5-dim-visitall-FAR-g1,p7,0.059,55.033,55.108,N/A,OOM,N/A,N/A,55.033,59.487,N/A,OOM,59.43,0.057,59.487
visitall-multidimensional/5-dim-visitall-FAR-g1,p8,0.06,56.395,56.472,N/A,OOM,N/A,N/A,56.395,63.919,N/A,OOM,63.85,0.069,63.919
visitall-multidimensional/5-dim-visitall-FAR-g1,p9,0.06,300.15,300.227,N/A,ERROR,300.12,0.03,300.15,300.184,N/A,ERROR,300.13,0.054,300.184
visitall-multidimensional/5-dim-visitall-FAR-g2,p0,0.059,299.08,299.156,N/A,TIMEOUT,298.98,0.1,299.08,12.271,25,SUCCESS,12.001,0.27,12.271
visitall-multidimensional/5-dim-visitall-FAR-g2,p1,0.061,299.125,299.203,N/A,TIMEOUT,299.05,0.075,299.125,147.08,35,SUCCESS,145.97,1.11,147.08
visitall-multidimensional/5-dim-visitall-FAR-g2,p2,0.059,79.743,79.819,N/A,OOM,N/A,N/A,79.743,299.121,N/A,TIMEOUT,299.07,0.051,299.121
visitall-multidimensional/5-dim-visitall-FAR-g2,p3,0.061,52.836,52.914,N/A,OOM,N/A,N/A,52.836,104.178,N/A,OOM,104.09,0.088,104.178
visitall-multidimensional/5-dim-visitall-FAR-g2,p4,0.059,300.203,300.279,N/A,ERROR,300.14,0.063,300.203,81.053,N/A,OOM,81.00,0.053,81.053
visitall-multidimensional/5-dim-visitall-FAR-g2,p5,0.058,54.759,54.834,N/A,OOM,N/A,N/A,54.759,59.569,N/A,OOM,59.50,0.069,59.569
visitall-multidimensional/5-dim-visitall-FAR-g2,p6,0.059,54.874,54.95,N/A,OOM,N/A,N/A,54.874,62.813,N/A,OOM,62.71,0.103,62.813
visitall-multidimensional/5-dim-visitall-FAR-g2,p7,0.064,55.416,55.496,N/A,OOM,N/A,N/A,55.416,59.072,N/A,OOM,58.96,0.112,59.072
visitall-multidimensional/5-dim-visitall-FAR-g2,p8,0.059,54.347,54.423,N/A,OOM,N/A,N/A,54.347,64.398,N/A,OOM,64.30,0.098,64.398
visitall-multidimensional/5-dim-visitall-FAR-g2,p9,0.063,56.179,56.259,N/A,OOM,N/A,N/A,56.179,64.076,N/A,OOM,64.01,0.066,64.076
visitall-multidimensional/5-dim-visitall-FAR-g3,p0,0.057,299.074,299.148,N/A,TIMEOUT,298.98,0.094,299.074,12.352,26,SUCCESS,12.088,0.264,12.352
visitall-multidimensional/5-dim-visitall-FAR-g3,p1,0.06,299.141,299.217,N/A,TIMEOUT,299.04,0.101,299.141,146.42,36,SUCCESS,145.321,1.099,146.42
visitall-multidimensional/5-dim-visitall-FAR-g3,p2,0.059,80.13,80.205,N/A,OOM,N/A,N/A,80.13,299.104,N/A,TIMEOUT,299.06,0.044,299.104
visitall-multidimensional/5-dim-visitall-FAR-g3,p3,0.059,53.802,53.878,N/A,OOM,N/A,N/A,53.802,105.148,N/A,OOM,105.07,0.078,105.148
visitall-multidimensional/5-dim-visitall-FAR-g3,p4,0.06,53.713,53.789,N/A,OOM,N/A,N/A,53.713,80.599,N/A,OOM,80.51,0.089,80.599
visitall-multidimensional/5-dim-visitall-FAR-g3,p5,0.064,54.695,54.776,N/A,OOM,N/A,N/A,54.695,63.151,N/A,OOM,63.09,0.061,63.151
visitall-multidimensional/5-dim-visitall-FAR-g3,p6,0.058,300.176,300.251,N/A,ERROR,300.11,0.066,300.176,63.367,N/A,OOM,63.30,0.067,63.367
visitall-multidimensional/5-dim-visitall-FAR-g3,p7,0.058,55.649,55.723,N/A,OOM,N/A,N/A,55.649,58.792,N/A,OOM,58.71,0.082,58.792
visitall-multidimensional/5-dim-visitall-FAR-g3,p8,0.059,55.744,55.821,N/A,OOM,N/A,N/A,55.744,64.491,N/A,OOM,64.40,0.091,64.491
visitall-multidimensional/5-dim-visitall-FAR-g3,p9,0.065,56.067,56.149,N/A,OOM,N/A,N/A,56.067,63.428,N/A,OOM,63.38,0.048,63.428
